burstiness_target,burstiness_measured,scv_target,scv_measured,rate_per_lane,loss_probability,arrivals_measured,drops_measured
-1.0,-1.0,0.0,7.57229425585222e-24,0.86,0.0,100000,0
-1.0,-1.0,0.0,1.2863719858063658e-24,0.875,0.0,100000,0
-1.0,-1.0,0.0,5.503762010905725e-28,0.89,0.0,100000,0
-1.0,-1.0,0.0,1.7121998339155105e-24,0.905,0.0,100000,0
-1.0,-1.0,0.0,8.516721806759701e-24,0.92,0.0,100000,0
-1.0,-1.0,0.0,1.1108604210251294e-23,0.935,0.0,100000,0
-1.0,-1.0,0.0,6.2708562237736285e-28,0.95,0.0,100000,0
-1.0,-1.0,0.0,9.654663539407443e-24,0.9650000000000001,0.0,100000,0
-1.0,-1.0,0.0,9.662980660894642e-24,0.98,0.0,100000,0
-1.0,-1.0,0.0,9.94635987233674e-24,0.995,0.0,100000,0
-1.0,-1.0,0.0,2.3978550612677584e-24,1.01,0.00836,100000,836
-1.0,-1.0,0.0,1.3618473667242072e-23,1.0250000000000001,0.02429,100000,2429
-1.0,-1.0,0.0,1.393359791554063e-23,1.04,0.03846,100000,3846
-0.88125,-0.8819140701486997,0.06312292358803988,0.06274777989303716,0.86,0.0,100000,0
-0.88125,-0.8802373209100792,0.06312292358803988,0.06369551213458138,0.875,0.0,100000,0
-0.88125,-0.8801213367353438,0.06312292358803988,0.06376113122188927,0.89,0.0,100000,0
-0.88125,-0.8825255574332862,0.06312292358803988,0.062402575148505994,0.905,0.0,100000,0
-0.88125,-0.8803868313391974,0.06312292358803988,0.06361093721104984,0.92,0.0,100000,0
-0.88125,-0.8816074069145491,0.06312292358803988,0.06292098588174172,0.935,0.0,100000,0
-0.88125,-0.8808825628181235,0.06312292358803988,0.06333060847956559,0.95,0.0,100000,0
-0.88125,-0.8821021587069946,0.06312292358803988,0.06264157381021297,0.9650000000000001,0.0,100000,0
-0.88125,-0.8813235915333232,0.06312292358803988,0.06308133752256452,0.98,0.0,100000,0
-0.88125,-0.8807188179187341,0.06312292358803988,0.06342318742429892,0.995,0.0,100000,0
-0.88125,-0.8805858464718548,0.06312292358803988,0.06349837937586136,1.01,0.0073,100000,730
-0.88125,-0.8811979322424733,0.06312292358803988,0.06315234868236815,1.0250000000000001,0.02354,100000,2354
-0.88125,-0.8809491207504002,0.06312292358803988,0.06329298221639545,1.04,0.03764,100000,3764
-0.7625,-0.761925445825435,0.13475177304964542,0.13512180934706397,0.86,0.0,100000,0
-0.7625,-0.7627546349492534,0.13475177304964542,0.1345878549101511,0.875,0.0,100000,0
-0.7625,-0.7629548064252527,0.13475177304964542,0.1344590302092907,0.89,0.0,100000,0
-0.7625,-0.7630432290495448,0.13475177304964542,0.13440213322403807,0.905,0.0,100000,0
-0.7625,-0.7607918783216849,0.13475177304964542,0.13585258122971264,0.92,0.0,100000,0
-0.7625,-0.7624045760681654,0.13475177304964542,0.13481321324181864,0.935,0.0,100000,0
-0.7625,-0.7630663436438265,0.13475177304964542,0.13438726070085918,0.95,0.0,100000,0
-0.7625,-0.7625925431969466,0.13475177304964542,0.13469219401805116,0.9650000000000001,0.0,100000,0
-0.7625,-0.7614001055336993,0.13475177304964542,0.1354603611733097,0.98,0.0,100000,0
-0.7625,-0.7630122896021345,0.13475177304964542,0.13442204106889546,0.995,0.0,100000,0
-0.7625,-0.7611041890407538,0.13475177304964542,0.13565115138892997,1.01,0.00943,100000,943
-0.7625,-0.7621369102047014,0.13475177304964542,0.13498558960873633,1.0250000000000001,0.02468,100000,2468
-0.7625,-0.7636355473231063,0.13475177304964542,0.13402114344749633,1.04,0.03946,100000,3946
-0.64375,-0.6432317414078089,0.21673003802281365,0.2171137823120045,0.86,0.0,100000,0
-0.64375,-0.6459376947897467,0.21673003802281365,0.21511282373023322,0.875,0.0,100000,0
-0.64375,-0.642574236277046,0.21673003802281365,0.21760098011342996,0.89,0.0,100000,0
-0.64375,-0.6444118976470864,0.21673003802281365,0.21624028800917117,0.905,0.0,100000,0
-0.64375,-0.6456437503758953,0.21673003802281365,0.21532986683367117,0.92,0.0,100000,0
-0.64375,-0.6393144919624534,0.21673003802281365,0.2200221554838836,0.935,0.0,100000,0
-0.64375,-0.6471787059249915,0.21673003802281365,0.21419733803374885,0.95,0.0,100000,0
-0.64375,-0.644005694271773,0.21673003802281365,0.2165407984708458,0.9650000000000001,0.0,100000,0
-0.64375,-0.6432659517205113,0.21673003802281365,0.2170884438431805,0.98,0.0,100000,0
-0.64375,-0.6420399955815999,0.21673003802281365,0.21799712880416966,0.995,0.0,100000,0
-0.64375,-0.6427433145131287,0.21673003802281365,0.21747565936237212,1.01,0.00978,100000,978
-0.64375,-0.6428720513747029,0.21673003802281365,0.21738025692655977,1.0250000000000001,0.02314,100000,2314
-0.64375,-0.6444392431761791,0.21673003802281365,0.21622006303928104,1.04,0.03949,100000,3949
-0.525,-0.5238049073659229,0.3114754098360656,0.31250397628475723,0.86,0.0,100000,0
-0.525,-0.5276862207545012,0.3114754098360656,0.3091693652982156,0.875,0.0,100000,0
-0.525,-0.5249926932872195,0.3114754098360656,0.3114816935213451,0.89,0.0,100000,0
-0.525,-0.524669568498611,0.3114754098360656,0.31175963718450916,0.905,0.0,100000,0
-0.525,-0.5272967228051747,0.3114754098360656,0.3095032354463608,0.92,0.0,100000,0
-0.525,-0.5215989239347438,0.3114754098360656,0.31440681807801624,0.935,0.0,100000,0
-0.525,-0.5272467657309075,0.3114754098360656,0.3095460700110523,0.95,0.0,100000,0
-0.525,-0.526361390831052,0.3114754098360656,0.31030567990917796,0.9650000000000001,0.0,100000,0
-0.525,-0.5233273776023868,0.3114754098360656,0.3129154175301853,0.98,0.0,100000,0
-0.525,-0.5271151962175765,0.3114754098360656,0.3096588947275782,0.995,0.0,100000,0
-0.525,-0.524153876905617,0.3114754098360656,0.31220346600466614,1.01,0.01072,100000,1072
-0.525,-0.5217085601175765,0.3114754098360656,0.31431211758805366,1.0250000000000001,0.02447,100000,2447
-0.525,-0.5226436017235531,0.3114754098360656,0.313505010454255,1.04,0.04054,100000,4054
-0.40625,-0.4031891820942649,0.4222222222222222,0.42532455745916803,0.86,0.0,100000,0
-0.40625,-0.4035449851630929,0.4222222222222222,0.42496323320025164,0.875,0.0,100000,0
-0.40625,-0.40533119883002966,0.4222222222222222,0.42315206669078836,0.89,0.0,100000,0
-0.40625,-0.4092833668318659,0.4222222222222222,0.41916100556561053,0.905,0.0,100000,0
-0.40625,-0.4058707998816171,0.4222222222222222,0.4226058327468017,0.92,0.0,100000,0
-0.40625,-0.40538801567861843,0.4222222222222222,0.42309453167939665,0.935,0.0,100000,0
-0.40625,-0.4059033222773265,0.4222222222222222,0.4225729239762639,0.95,0.0,100000,0
-0.40625,-0.4054611444121748,0.4222222222222222,0.42302048544820303,0.9650000000000001,0.0,100000,0
-0.40625,-0.408831746959338,0.4222222222222222,0.4196159366202333,0.98,0.0,100000,0
-0.40625,-0.40585524891212876,0.4222222222222222,0.4226215690040842,0.995,0.0,100000,0
-0.40625,-0.40444602133473645,0.4222222222222222,0.4240490340093454,1.01,0.00971,100000,971
-0.40625,-0.40328706697845573,0.4222222222222222,0.4252251353718957,1.0250000000000001,0.0214,100000,2140
-0.40625,-0.40485998730836864,0.4222222222222222,0.4236294136555812,1.04,0.03857,100000,3857
-0.2875000000000001,-0.2865889092843171,0.553398058252427,0.5544980883696004,0.86,0.0,100000,0
-0.2875000000000001,-0.28889251749049105,0.553398058252427,0.5517197693831404,0.875,0.0,100000,0
-0.2875000000000001,-0.2862255062788913,0.553398058252427,0.5549372876192532,0.89,0.0,100000,0
-0.2875000000000001,-0.29156154186392524,0.553398058252427,0.5485131255253136,0.905,0.0,100000,0
-0.2875000000000001,-0.2866082040608829,0.553398058252427,0.5544747761497711,0.92,0.0,100000,0
-0.2875000000000001,-0.2852449087886646,0.553398058252427,0.5561236510829579,0.935,0.0,100000,0
-0.2875000000000001,-0.2882113980618472,0.553398058252427,0.5525402142917383,0.95,0.0,100000,0
-0.2875000000000001,-0.2897114851657478,0.553398058252427,0.5507344262681891,0.9650000000000001,0.0,100000,0
-0.2875000000000001,-0.28470560421618385,0.553398058252427,0.5567768938162505,0.98,0.0,100000,0
-0.2875000000000001,-0.28943298236804926,0.553398058252427,0.5510693671934709,0.995,0.0,100000,0
-0.2875000000000001,-0.28505158503844613,0.553398058252427,0.5563577550391987,1.01,0.00832,100000,832
-0.2875000000000001,-0.2859809941100429,0.553398058252427,0.5552329382473421,1.0250000000000001,0.0249,100000,2490
-0.2875000000000001,-0.28873754366036686,0.553398058252427,0.5519063674667639,1.04,0.03989,100000,3989
-0.16875000000000007,-0.16734955539478327,0.711229946524064,0.713282872946848,0.86,0.0,100000,0
-0.16875000000000007,-0.171900493977319,0.711229946524064,0.7066295391788683,0.875,0.0,100000,0
-0.16875000000000007,-0.16872013944322212,0.711229946524064,0.7112736680937143,0.89,0.0,100000,0
-0.16875000000000007,-0.16798111814029307,0.711229946524064,0.7123564490361635,0.905,0.0,100000,0
-0.16875000000000007,-0.17032779213008584,0.711229946524064,0.7089229303525703,0.92,0.0,100000,0
-0.16875000000000007,-0.16532940800413218,0.711229946524064,0.7162529206444845,0.935,0.0,100000,0
-0.16875000000000007,-0.1715250940135666,0.711229946524064,0.7071764063953029,0.95,0.0,100000,0
-0.16875000000000007,-0.16715897720270223,0.711229946524064,0.7135626243421825,0.9650000000000001,0.0,100000,0
-0.16875000000000007,-0.17416847545984993,0.711229946524064,0.7033330751080865,0.98,0.0,100000,0
-0.16875000000000007,-0.16622509737615243,0.711229946524064,0.7149347964640167,0.995,0.0,100000,0
-0.16875000000000007,-0.17107362646890156,0.711229946524064,0.7078345501047034,1.01,0.00953,100000,953
-0.16875000000000007,-0.16999288452116168,0.711229946524064,0.7094121053723604,1.0250000000000001,0.02126,100000,2126
-0.16875000000000007,-0.16744611471508286,0.711229946524064,0.7131411675374013,1.04,0.03965,100000,3965
-0.050000000000000044,-0.04761092447685095,0.9047619047619047,0.9091057121218422,0.86,0.0,100000,0
-0.050000000000000044,-0.04507415412992095,0.9047619047619047,0.9137397974071083,0.875,0.0,100000,0
-0.050000000000000044,-0.045151235956253706,0.9047619047619047,0.9135986555764958,0.89,0.0,100000,0
-0.050000000000000044,-0.04956970607422454,0.9047619047619047,0.905542803327216,0.905,0.0,100000,0
-0.050000000000000044,-0.052095869856591516,0.9047619047619047,0.9009674472656326,0.92,0.0,100000,0
-0.050000000000000044,-0.04646824995812276,0.9047619047619047,0.911190330026769,0.935,0.0,100000,0
-0.050000000000000044,-0.048578717314412385,0.9047619047619047,0.9073436900591866,0.95,0.0,100000,0
-0.050000000000000044,-0.05206803561350538,0.9047619047619047,0.9010177405814971,0.9650000000000001,0.0,100000,0
-0.050000000000000044,-0.05260474836984295,0.9047619047619047,0.900048430426879,0.98,0.0,100000,0
-0.050000000000000044,-0.04928694703149039,0.9047619047619047,0.9060563039101425,0.995,0.0,100000,0
-0.050000000000000044,-0.046407528776058804,0.9047619047619047,0.9113012330285126,1.01,0.00515,100000,515
-0.050000000000000044,-0.05074404856649122,0.9047619047619047,0.9034131125734753,1.0250000000000001,0.02161,100000,2161
-0.050000000000000044,-0.04853336048831467,0.9047619047619047,0.9074261967865055,1.04,0.03631,100000,3631
0.06874999999999987,0.06788987211324236,1.1476510067114092,1.145669208137797,0.86,0.0,100000,0
0.06874999999999987,0.07445988969817145,1.1476510067114092,1.1609004058697991,0.875,0.0,100000,0
0.06874999999999987,0.06632087457252295,1.1476510067114092,1.1420635264650658,0.89,0.0,100000,0
0.06874999999999987,0.06843586909642663,1.1476510067114092,1.1469268015505214,0.905,0.0,100000,0
0.06874999999999987,0.06089448808799389,1.1476510067114092,1.1296861477556734,0.92,0.0,100000,0
0.06874999999999987,0.07572977946224312,1.1476510067114092,1.1638693485508647,0.935,0.0,100000,0
0.06874999999999987,0.07054093960296698,1.1476510067114092,1.151789234423804,0.95,0.0,100000,0
0.06874999999999987,0.06700578722780208,1.1476510067114092,1.1436360189817434,0.9650000000000001,0.0,100000,0
0.06874999999999987,0.06929834514401571,1.1476510067114092,1.1489163466776877,0.98,0.0,100000,0
0.06874999999999987,0.0693661894199005,1.1476510067114092,1.1490730051526108,0.995,0.00012,100000,12
0.06874999999999987,0.06657820343094935,1.1476510067114092,1.142654057738246,1.01,0.01286,100000,1286
0.06874999999999987,0.0664175757587768,1.1476510067114092,1.1422854030542793,1.0250000000000001,0.02105,100000,2105
0.06874999999999987,0.06677922467458583,1.1476510067114092,1.143115598024058,1.04,0.03365,100000,3365
0.1875,0.19390197572418932,1.4615384615384615,1.4810878327071666,0.86,0.0,100000,0
0.1875,0.1901595213189139,1.4615384615384615,1.4696221696119944,0.875,0.0,100000,0
0.1875,0.18376893632027916,1.4615384615384615,1.4502865536428244,0.89,0.0,100000,0
0.1875,0.18558648922002774,1.4615384615384615,1.4557549371750713,0.905,0.0,100000,0
0.1875,0.18754516746434718,1.4615384615384615,1.4616753078544023,0.92,0.0,100000,0
0.1875,0.1900091422677496,1.4615384615384615,1.4691636713029637,0.935,0.0,100000,0
0.1875,0.18435687957857314,1.4615384615384615,1.4520528033959743,0.95,0.0,100000,0
0.1875,0.19118240785947802,1.4615384615384615,1.4727454242272773,0.9650000000000001,0.0,100000,0
0.1875,0.18758557816819504,1.4615384615384615,1.4617977552521368,0.98,0.0,100000,0
0.1875,0.18785689103643824,1.4615384615384615,1.4626201686945959,0.995,0.00295,100000,295
0.1875,0.19005190105067662,1.4615384615384615,1.4692940234003011,1.01,0.01095,100000,1095
0.1875,0.18325043058246435,1.4615384615384615,1.4487310124035921,1.0250000000000001,0.02276,100000,2276
0.1875,0.1846968836698396,1.4615384615384615,1.4530753776612473,1.04,0.03823,100000,3823
0.3062499999999999,0.3013496061686723,1.8828828828828825,1.8626620948886945,0.86,0.0,100000,0
0.3062499999999999,0.309309679103559,1.8828828828828825,1.8956537242395655,0.875,0.0,100000,0
0.3062499999999999,0.3022750579546021,1.8828828828828825,1.866459086494673,0.89,0.0,100000,0
0.3062499999999999,0.3068906727451859,1.8828828828828825,1.885547663773859,0.905,0.0,100000,0
0.3062499999999999,0.311871292558255,1.8828828828828825,1.906433023896644,0.92,0.0,100000,0
0.3062499999999999,0.3088835100440294,1.8828828828828825,1.8938681525706549,0.935,0.0,100000,0
0.3062499999999999,0.30872115696867386,1.8828828828828825,1.8931885015166992,0.95,0.0,100000,0
0.3062499999999999,0.31121990926438475,1.8828828828828825,1.9036843934673047,0.9650000000000001,0.0,100000,0
0.3062499999999999,0.30648139365867205,1.8828828828828825,1.883844761643876,0.98,0.0,100000,0
0.3062499999999999,0.30275152799160193,1.8828828828828825,1.8684179030741723,0.995,0.00063,100000,63
0.3062499999999999,0.3007872812298935,1.8828828828828825,1.8603598680497946,1.01,0.01343,100000,1343
0.3062499999999999,0.30296419266342833,1.8828828828828825,1.8692930534546803,1.0250000000000001,0.02128,100000,2128
0.3062499999999999,0.30558324643552087,1.8828828828828825,1.8801148441967894,1.04,0.04372,100000,4372
0.4249999999999998,0.4274016713510387,2.4782608695652164,2.4928498738705285,0.86,0.0,100000,0
0.4249999999999998,0.4250284944865618,2.4782608695652164,2.4784332455119484,0.875,0.0,100000,0
0.4249999999999998,0.42214153987103836,2.4782608695652164,2.461055151037603,0.89,0.0,100000,0
0.4249999999999998,0.4198813993715993,2.4782608695652164,2.4475708895276655,0.905,0.0,100000,0
0.4249999999999998,0.42613395897510403,2.4782608695652164,2.4851339110920385,0.92,0.0,100000,0
0.4249999999999998,0.42338006508184134,2.4782608695652164,2.4684891709196037,0.935,0.0,100000,0
0.4249999999999998,0.4235198813012261,2.4782608695652164,2.4693303986170125,0.95,0.0,100000,0
0.4249999999999998,0.42539140948904464,2.4782608695652164,2.480630176833161,0.9650000000000001,0.0,100000,0
0.4249999999999998,0.4271137585096687,2.4782608695652164,2.491094488143253,0.98,0.00072,100000,72
0.4249999999999998,0.4281144906109253,2.4782608695652164,2.497203491196219,0.995,0.0048,100000,480
0.4249999999999998,0.4292847912962102,2.4782608695652164,2.5043748081331256,1.01,0.00963,100000,963
0.4249999999999998,0.4223169201631723,2.4782608695652164,2.4621059016734916,1.0250000000000001,0.03199,100000,3199
0.4249999999999998,0.4228413948761109,2.4782608695652164,2.465251981421455,1.04,0.03938,100000,3938
0.54375,0.541390132810455,3.383561643835616,3.3610051660170526,0.86,0.0,100000,0
0.54375,0.5462475815527342,3.383561643835616,3.4076900060256894,0.875,0.0,100000,0
0.54375,0.5384278808356295,3.383561643835616,3.3330173486665466,0.89,0.0,100000,0
0.54375,0.5401496521345919,3.383561643835616,3.349241028703913,0.905,0.0,100000,0
0.54375,0.5489173403698241,3.383561643835616,3.4337771743203733,0.92,0.0,100000,0
0.54375,0.5433427675606615,3.383561643835616,3.379652522563904,0.935,0.0,100000,0
0.54375,0.5417179888936831,3.383561643835616,3.3641250398895095,0.95,0.0,100000,0
0.54375,0.5483027909032205,3.383561643835616,3.4277448691773635,0.9650000000000001,0.00079,100000,79
0.54375,0.5439139436723872,3.383561643835616,3.385137349086973,0.98,0.00082,100000,82
0.54375,0.5438893627374142,3.383561643835616,3.3849010231449332,0.995,0.00248,100000,248
0.54375,0.5416296563424272,3.383561643835616,3.363284029330893,1.01,0.01052,100000,1052
0.54375,0.5468103792599093,3.383561643835616,3.41316373648156,1.0250000000000001,0.02111,100000,2111
0.54375,0.5449433492222852,3.383561643835616,3.3950571793245925,1.04,0.03579,100000,3579
0.6624999999999999,0.6621646414033094,4.925925925925924,4.920043444557292,0.86,0.0,100000,0
0.6624999999999999,0.6614345343113812,4.925925925925924,4.907277034094832,0.875,0.0,100000,0
0.6624999999999999,0.6590481732188559,4.925925925925924,4.865931321974683,0.89,0.0,100000,0
0.6624999999999999,0.6626030687902825,4.925925925925924,4.927736191402554,0.905,0.0,100000,0
0.6624999999999999,0.6586312307882092,4.925925925925924,4.858766765975499,0.92,0.0,100000,0
0.6624999999999999,0.6587190778887537,4.925925925925924,4.8602748364236605,0.935,0.0,100000,0
0.6624999999999999,0.66027955141467,4.925925925925924,4.887193450757634,0.95,0.00014,100000,14
0.6624999999999999,0.6629142167449578,4.925925925925924,4.9332078045153915,0.9650000000000001,0.00047,100000,47
0.6624999999999999,0.6623907605576196,4.925925925925924,4.9240084877515296,0.98,0.00594,100000,594
0.6624999999999999,0.6621311690082677,4.925925925925924,4.919456950584887,0.995,0.0119,100000,1190
0.6624999999999999,0.6636373243284398,4.925925925925924,4.945962928279507,1.01,0.01489,100000,1489
0.6624999999999999,0.6586640171208135,4.925925925925924,4.859329517884102,1.0250000000000001,0.02733,100000,2733
0.6624999999999999,0.6553828488245181,4.925925925925924,4.8035416785788,1.04,0.04098,100000,4098
0.78125,0.7831886004016627,8.142857142857142,8.224607210253616,0.86,0.0,100000,0
0.78125,0.7788217924811494,8.142857142857142,8.042482179577041,0.875,0.0,100000,0
0.78125,0.7817444274793341,8.142857142857142,8.163569007204282,0.89,0.0,100000,0
0.78125,0.7755599561695572,8.142857142857142,7.911065805667615,0.905,0.0,100000,0
0.78125,0.7835720811158842,8.142857142857142,8.240951954405105,0.92,0.0,100000,0
0.78125,0.7852449357857092,8.142857142857142,8.312935214437244,0.935,0.00061,100000,61
0.78125,0.7830897308185496,8.142857142857142,8.220402554232939,0.95,0.00026,100000,26
0.78125,0.7848957341298453,8.142857142857142,8.297816535201942,0.9650000000000001,0.00809,100000,809
0.78125,0.7787728356812548,8.142857142857142,8.040481109807969,0.98,0.0025,100000,250
0.78125,0.7790884542809104,8.142857142857142,8.053397338241407,0.995,0.01797,100000,1797
0.78125,0.7822005607592087,8.142857142857142,8.182760097875514,1.01,0.02584,100000,2584
0.78125,0.7780094145532326,8.142857142857142,8.009391078341892,1.0250000000000001,0.04123,100000,4123
0.78125,0.7783551703639203,8.142857142857142,8.023445316923542,1.04,0.03709,100000,3709
0.8999999999999999,0.8977765353983761,18.999999999999982,18.564979604185993,0.86,0.00345,100000,345
0.8999999999999999,0.9003908736698216,18.999999999999982,19.07848149747363,0.875,0.002,100000,200
0.8999999999999999,0.89739661971142,18.999999999999982,18.49253518134436,0.89,0.00264,100000,264
0.8999999999999999,0.8988784129680364,18.999999999999982,18.778170603353143,0.905,0.00372,100000,372
0.8999999999999999,0.9006135624616433,18.999999999999982,19.1234700582575,0.92,0.01479,100000,1479
0.8999999999999999,0.9010244682589458,18.999999999999982,19.207014449111735,0.935,0.01806,100000,1806
0.8999999999999999,0.900441675584647,18.999999999999982,19.088727002436155,0.95,0.01256,100000,1256
0.8999999999999999,0.9009175511287154,18.999999999999982,19.185209618689864,0.9650000000000001,0.01995,100000,1995
0.8999999999999999,0.9012332105623608,18.999999999999982,19.24972170693864,0.98,0.03431,100000,3431
0.8999999999999999,0.8983182502171311,18.999999999999982,18.66921305220256,0.995,0.02262,100000,2262
0.8999999999999999,0.8979482698251007,18.999999999999982,18.597903892196054,1.01,0.04912,100000,4912
0.8999999999999999,0.9023361669397485,18.999999999999982,19.47840984047948,1.0250000000000001,0.04112,100000,4112
0.8999999999999999,0.8994418742197087,18.999999999999982,18.88899439484168,1.04,0.06025,100000,6025
