run_tag,case,n_lane,egress_symbols_per_beat,rho_ppm,burstiness_milli,frame_count,subheaders_per_frame,inter_frame_gap_cycles,lane_fifo_depth,ticket_fifo_depth,page_ram_depth,frame_ts_step_ticks,frame_launch_period_cycles,feb_header_latency_cycles,tlm_offered_hits,rtl_expected_hits,tlm_dropped_hits,tlm_predrop_hits,tlm_postdrop_hits,tlm_ft_drop_hits,tlm_lane_predrop_hits,tlm_lane_postdrop_hits,tlm_lane_ft_drop_hits,tlm_lane_dropped_hits,rtl_dropped_hits,tlm_loss,rtl_loss,max_lane_fifo_used,max_ticket_fifo_used,max_handle_fifo_used,max_page_frames,max_page_words,max_cycle,sequence_monotonic
marginal_b000_rho0600_f100_period4096,RTL-LS-002,4,1,600000,0,100,128,4096,2048,4096,65536,2048,4096,4096,30643,30643,0,0,0,0,0;0;0;0,0;0;0;0,0;0;0;0,0;0;0;0,0,0.0,0.0,1628,2708,1,1,502,514933,1
marginal_b000_rho0620_f100_period4096,RTL-LS-002,4,1,620000,0,100,128,4096,2048,4096,65536,2048,4096,4096,31752,31752,0,0,0,0,0;0;0;0,0;0;0;0,0;0;0;0,0;0;0;0,0,0.0,0.0,1709,2708,1,1,498,515009,1
marginal_b000_rho0640_f100_period4096,RTL-LS-002,4,1,640000,0,100,128,4096,2048,4096,65536,2048,4096,4096,32569,32569,0,0,0,0,0;0;0;0,0;0;0;0,0;0;0;0,0;0;0;0,0,0.0,0.0,1747,2708,1,1,501,515053,1
marginal_b000_rho0660_f100_period4096,RTL-LS-002,4,1,660000,0,100,128,4096,2048,4096,65536,2048,4096,4096,34203,34203,0,0,0,0,0;0;0;0,0;0;0;0,0;0;0;0,0;0;0;0,0,0.0,0.0,1849,2708,1,1,517,515141,1
marginal_b000_rho0680_f100_period4096,RTL-LS-002,4,1,680000,0,100,128,4096,2048,4096,65536,2048,4096,4096,34718,34718,0,0,0,0,0;0;0;0,0;0;0;0,0;0;0;0,0;0;0;0,0,0.0,0.0,1886,2710,1,1,531,515280,1
marginal_b000_rho0700_f100_period4096,RTL-LS-002,4,1,700000,0,100,128,4096,2048,4096,65536,2048,4096,4096,35636,35636,0,0,0,0,0;0;0;0,0;0;0;0,0;0;0;0,0;0;0;0,0,0.0,0.0,1896,2713,1,1,540,515337,1
marginal_b000_rho0720_f100_period4096,RTL-LS-002,4,1,720000,0,100,128,4096,2048,4096,65536,2048,4096,4096,36791,36791,0,0,0,0,0;0;0;0,0;0;0;0,0;0;0;0,0;0;0;0,0,0.0,0.0,2004,2714,1,1,548,515423,1
marginal_b000_rho0750_f100_period4096,RTL-LS-002,4,1,750000,0,100,128,4096,2048,4096,65536,2048,4096,4096,38420,38420,51,51,0,0,0;51;0;0,0;0;0;0,0;0;0;0,0;51;0;0,52,0.001327433628318584,0.001353461738677772,2044,2717,1,1,570,515520,1
marginal_b000_rho0800_f100_period4096,RTL-LS-002,4,1,800000,0,100,128,4096,2048,4096,65536,2048,4096,4096,41032,41032,704,520,184,0,65;140;135;180,62;34;40;48,0;0;0;0,127;174;175;228,715,0.01715734061220511,0.017425424059270812,2044,2679,1,1,590,508921,1
marginal_b000_rho0850_f100_period4096,RTL-LS-002,4,1,850000,0,100,128,4096,2048,4096,65536,2048,4096,4096,43387,43387,925,925,0,0,185;204;269;267,0;0;0;0,0;0;0;0,185;204;269;267,925,0.021319750155576554,0.021319750155576554,2044,2592,1,1,623,515767,1
marginal_b000_rho0900_f100_period4096,RTL-LS-002,4,1,900000,0,100,128,4096,2048,4096,65536,2048,4096,4096,46019,46019,1944,1579,365,0,412;376;307;484,124;88;63;90,0;0;0;0,536;464;370;574,1935,0.04224342119559312,0.04204784980116908,2044,2533,1,1,640,512783,1
marginal_b000_rho0950_f100_period4096,RTL-LS-002,4,1,950000,0,100,128,4096,2048,4096,65536,2048,4096,4096,48440,48440,2170,2170,0,0,514;563;422;671,0;0;0;0,0;0;0;0,514;563;422;671,2629,0.044797687861271675,0.054273327828241125,2044,2453,1,1,699,516706,1
marginal_b000_rho1000_f100_period4096,RTL-LS-002,4,1,1000000,0,100,128,4096,2048,4096,65536,2048,4096,4096,51459,51459,3111,2840,271,0,683;634;800;723,90;78;64;39,0;0;0;0,773;712;864;762,4677,0.06045589692765114,0.09088789133096252,2044,2306,1,1,710,509930,1
marginal_b403_rho0600_f100_period4096,RTL-LS-002,4,1,600000,403,100,128,4096,2048,4096,65536,2048,4096,4096,30629,30629,0,0,0,0,0;0;0;0,0;0;0;0,0;0;0;0,0;0;0;0,0,0.0,0.0,1586,2656,1,1,527,510004,1
marginal_b403_rho0620_f100_period4096,RTL-LS-002,4,1,620000,403,100,128,4096,2048,4096,65536,2048,4096,4096,32012,32012,0,0,0,0,0;0;0;0,0;0;0;0,0;0;0;0,0;0;0;0,0,0.0,0.0,1684,2664,1,1,564,510273,1
marginal_b403_rho0640_f100_period4096,RTL-LS-002,4,1,640000,403,100,128,4096,2048,4096,65536,2048,4096,4096,32131,32131,0,0,0,0,0;0;0;0,0;0;0;0,0;0;0;0,0;0;0;0,0,0.0,0.0,1734,2666,1,1,541,510204,1
marginal_b403_rho0660_f100_period4096,RTL-LS-002,4,1,660000,403,100,128,4096,2048,4096,65536,2048,4096,4096,33562,33562,0,0,0,0,0;0;0;0,0;0;0;0,0;0;0;0,0;0;0;0,0,0.0,0.0,1771,2670,1,1,568,510415,1
marginal_b403_rho0680_f100_period4096,RTL-LS-002,4,1,680000,403,100,128,4096,2048,4096,65536,2048,4096,4096,34076,34076,0,0,0,0,0;0;0;0,0;0;0;0,0;0;0;0,0;0;0;0,0,0.0,0.0,1776,2672,1,1,558,510364,1
marginal_b403_rho0700_f100_period4096,RTL-LS-002,4,1,700000,403,100,128,4096,2048,4096,65536,2048,4096,4096,35342,35342,0,0,0,0,0;0;0;0,0;0;0;0,0;0;0;0,0;0;0;0,0,0.0,0.0,1969,2677,1,1,596,510683,1
marginal_b403_rho0720_f100_period4096,RTL-LS-002,4,1,720000,403,100,128,4096,2048,4096,65536,2048,4096,4096,36523,36523,0,0,0,0,0;0;0;0,0;0;0;0,0;0;0;0,0;0;0;0,0,0.0,0.0,1976,2681,1,1,618,510855,1
marginal_b403_rho0750_f100_period4096,RTL-LS-002,4,1,750000,403,100,128,4096,2048,4096,65536,2048,4096,4096,38524,38524,80,80,0,0,59;0;21;0,0;0;0;0,0;0;0;0,59;0;21;0,81,0.0020766275568476792,0.0021025854013082754,2044,2686,1,1,639,511021,1
marginal_b403_rho0800_f100_period4096,RTL-LS-002,4,1,800000,403,100,128,4096,2048,4096,65536,2048,4096,4096,40681,40681,551,551,0,0,114;69;89;279,0;0;0;0,0;0;0;0,114;69;89;279,550,0.01354440647968339,0.013519824979720263,2044,2677,2,1,625,511063,1
marginal_b403_rho0850_f100_period4096,RTL-LS-002,4,1,850000,403,100,128,4096,2048,4096,65536,2048,4096,4096,43206,43206,801,801,0,0,244;262;181;114,0;0;0;0,0;0;0;0,244;262;181;114,796,0.018539091792806554,0.018423367124936352,2044,2673,1,1,675,511303,1
marginal_b403_rho0900_f100_period4096,RTL-LS-002,4,1,900000,403,100,128,4096,2048,4096,65536,2048,4096,4096,46343,46343,1660,1660,0,0,464;460;362;374,0;0;0;0,0;0;0;0,464;460;362;374,1663,0.03581986492026843,0.035884599615907474,2044,2624,1,1,685,511523,1
marginal_b403_rho0950_f100_period4096,RTL-LS-002,4,1,950000,403,100,128,4096,2048,4096,65536,2048,4096,4096,48265,48265,1571,1571,0,0,484;298;325;464,0;0;0;0,0;0;0;0,484;298;325;464,1564,0.032549466487102455,0.032404433854760176,2044,2639,1,1,747,511809,1
marginal_b403_rho1000_f100_period4096,RTL-LS-002,4,1,1000000,403,100,128,4096,2048,4096,65536,2048,4096,4096,51718,51718,2807,2807,0,0,649;688;732;738,0;0;0;0,0;0;0;0,649;688;732;738,2923,0.054275107312734445,0.05651804014076337,2044,2566,1,1,742,511893,1
marginal_b700_rho0600_f100_period4096,RTL-LS-002,4,1,600000,700,100,128,4096,2048,4096,65536,2048,4096,4096,30186,30186,0,0,0,0,0;0;0;0,0;0;0;0,0;0;0;0,0;0;0;0,0,0.0,0.0,1891,2536,2,1,661,504963,1
marginal_b700_rho0620_f100_period4096,RTL-LS-002,4,1,620000,700,100,128,4096,2048,4096,65536,2048,4096,4096,31746,31746,0,0,0,0,0;0;0;0,0;0;0;0,0;0;0;0,0;0;0;0,0,0.0,0.0,1922,2539,2,1,662,505106,1
marginal_b700_rho0640_f100_period4096,RTL-LS-002,4,1,640000,700,100,128,4096,2048,4096,65536,2048,4096,4096,33735,33735,0,0,0,0,0;0;0;0,0;0;0;0,0;0;0;0,0;0;0;0,0,0.0,0.0,1975,2542,2,1,627,505197,1
marginal_b700_rho0660_f100_period4096,RTL-LS-002,4,1,660000,700,100,128,4096,2048,4096,65536,2048,4096,4096,33433,33433,0,0,0,0,0;0;0;0,0;0;0;0,0;0;0;0,0;0;0;0,0,0.0,0.0,1872,2542,2,1,644,505258,1
marginal_b700_rho0680_f100_period4096,RTL-LS-002,4,1,680000,700,100,128,4096,2048,4096,65536,2048,4096,4096,34637,34637,0,0,0,0,0;0;0;0,0;0;0;0,0;0;0;0,0;0;0;0,0,0.0,0.0,1975,2542,2,1,662,505424,1
marginal_b700_rho0700_f100_period4096,RTL-LS-002,4,1,700000,700,100,128,4096,2048,4096,65536,2048,4096,4096,35967,35967,18,18,0,0,0;18;0;0,0;0;0;0,0;0;0;0,0;18;0;0,17,0.0005004587538577029,0.0004726554897544972,2044,2547,2,1,712,505272,1
marginal_b700_rho0720_f100_period4096,RTL-LS-002,4,1,720000,700,100,128,4096,2048,4096,65536,2048,4096,4096,38140,38140,17,17,0,0,0;0;17;0,0;0;0;0,0;0;0;0,0;0;17;0,17,0.0004457262716308338,0.0004457262716308338,2040,2550,2,1,764,505481,1
marginal_b700_rho0750_f100_period4096,RTL-LS-002,4,1,750000,700,100,128,4096,2048,4096,65536,2048,4096,4096,38841,38841,459,459,0,0,204;0;34;221,0;0;0;0,0;0;0;0,204;0;34;221,459,0.011817409438479956,0.011817409438479956,2043,2545,2,1,712,505478,1
marginal_b700_rho0800_f100_period4096,RTL-LS-002,4,1,800000,700,100,128,4096,2048,4096,65536,2048,4096,4096,39764,39764,51,51,0,0,51;0;0;0,0;0;0;0,0;0;0;0,51;0;0;0,51,0.001282567146162358,0.001282567146162358,2042,2551,2,1,865,505652,1
marginal_b700_rho0850_f100_period4096,RTL-LS-002,4,1,850000,700,100,128,4096,2048,4096,65536,2048,4096,4096,42089,42089,340,340,0,0,153;187;0;0,0;0;0;0,0;0;0;0,153;187;0;0,340,0.008078120173917175,0.008078120173917175,2043,2554,2,1,765,505970,1
marginal_b700_rho0900_f100_period4096,RTL-LS-002,4,1,900000,700,100,128,4096,2048,4096,65536,2048,4096,4096,46352,46352,867,867,0,0,255;255;136;221,0;0;0;0,0;0;0;0,255;255;136;221,850,0.018704694511563688,0.018337935795650673,2044,2552,2,1,814,505936,1
marginal_b700_rho0950_f100_period4096,RTL-LS-002,4,1,950000,700,100,128,4096,2048,4096,65536,2048,4096,4096,49395,49395,2210,2210,0,0,714;697;374;425,0;0;0;0,0;0;0;0,714;697;374;425,2398,0.044741370584067214,0.0485474238283227,2044,2555,2,1,849,506030,1
marginal_b700_rho1000_f100_period4096,RTL-LS-002,4,1,1000000,700,100,128,4096,2048,4096,65536,2048,4096,4096,51424,51424,3027,3027,0,0,442;765;782;1038,0;0;0;0,0;0;0;0,442;765;782;1038,3043,0.058863565650280024,0.05917470441817051,2044,2542,2,1,865,506065,1
