run_tag,case,sim_pass,profile,lane,n_lane,n_shd,egress_symbols_per_beat,lane_fifo_depth,ticket_fifo_depth,page_ram_depth,ready_duty_ppm,rho_ppm,burstiness_milli,frame_count,subheaders_per_frame,inter_frame_gap_cycles,frame_ts_step_ticks,frame_launch_period_cycles,feb_header_latency_cycles,hit_period,hit_count,noise_rho_ppm,cluster_rho_ppm,cluster_size_min,cluster_size_max,rng_seed,expected_hits,accepted_hits,dropped_hits,delivered_hits,unexplained_hits,drop_events,hdr_drop_events,pre_drop_hits,post_drop_hits,monitor_dropped_hits,loss_ppm,drr_allowance,drr_quantum,drr_grants,drr_beats,drr_defers
marginal_b700_rho1000_f100_period4096,RTL-LS-002,1,3,0,4,128,1,2048,4096,65536,1000000,1000000,700,100,128,4096,2048,4096,4096,1,1,1678,998322,17,17,1545752553,13055,12613,442,12613,0,24,0,442,0,442,33856,256,706,1442,13370,73
marginal_b700_rho1000_f100_period4096,RTL-LS-002,1,3,1,4,128,1,2048,4096,65536,1000000,1000000,700,100,128,4096,2048,4096,4096,1,1,1678,998322,17,17,1545752553,12455,11690,765,11690,0,41,0,765,0,765,61421,256,737,1363,12424,48
marginal_b700_rho1000_f100_period4096,RTL-LS-002,1,3,2,4,128,1,2048,4096,65536,1000000,1000000,700,100,128,4096,2048,4096,4096,1,1,1678,998322,17,17,1545752553,12923,12141,782,12141,0,46,0,782,0,782,60512,256,413,1415,12885,54
marginal_b700_rho1000_f100_period4096,RTL-LS-002,1,3,3,4,128,1,2048,4096,65536,1000000,1000000,700,100,128,4096,2048,4096,4096,1,1,1678,998322,17,17,1545752553,12991,11937,1054,11937,0,60,0,1054,0,1054,81133,256,163,1398,12675,51
marginal_b403_rho1000_f100_period4096,RTL-LS-002,1,3,0,4,128,1,2048,4096,65536,1000000,1000000,403,100,128,4096,2048,4096,4096,1,1,75483,924517,4,4,1545676521,12936,12237,699,12237,0,172,0,699,0,699,54035,256,949,5851,15553,189
marginal_b403_rho1000_f100_period4096,RTL-LS-002,1,3,1,4,128,1,2048,4096,65536,1000000,1000000,403,100,128,4096,2048,4096,4096,1,1,75483,924517,4,4,1545676521,13230,12507,723,12507,0,190,0,723,0,723,54648,256,424,6110,15796,56
marginal_b403_rho1000_f100_period4096,RTL-LS-002,1,3,2,4,128,1,2048,4096,65536,1000000,1000000,403,100,128,4096,2048,4096,4096,1,1,75483,924517,4,4,1545676521,12752,12003,749,12003,0,180,0,749,0,749,58735,256,908,6245,15327,127
marginal_b403_rho1000_f100_period4096,RTL-LS-002,1,3,3,4,128,1,2048,4096,65536,1000000,1000000,403,100,128,4096,2048,4096,4096,1,1,75483,924517,4,4,1545676521,12800,12048,752,12048,0,182,0,752,0,752,58750,256,1017,6330,15537,223
marginal_b000_rho1000_f100_period4096,RTL-LS-002,1,3,0,4,128,1,2048,4096,65536,1000000,1000000,0,100,128,4096,2048,4096,4096,1,1,1000000,0,1,1,1545573353,12906,11753,1153,11753,0,800,0,1003,150,1153,89338,256,999,13545,19242,1034
marginal_b000_rho1000_f100_period4096,RTL-LS-002,1,3,1,4,128,1,2048,4096,65536,1000000,1000000,0,100,128,4096,2048,4096,4096,1,1,1000000,0,1,1,1545573353,12866,11744,1122,11744,0,805,0,936,186,1122,87206,256,631,14017,19186,52
marginal_b000_rho1000_f100_period4096,RTL-LS-002,1,3,2,4,128,1,2048,4096,65536,1000000,1000000,0,100,128,4096,2048,4096,4096,1,1,1000000,0,1,1,1545573353,12949,11686,1263,11686,0,860,0,1108,155,1263,97536,256,867,14350,19158,120
marginal_b000_rho1000_f100_period4096,RTL-LS-002,1,3,3,4,128,1,2048,4096,65536,1000000,1000000,0,100,128,4096,2048,4096,4096,1,1,1000000,0,1,1,1545573353,12738,11599,1139,11599,0,772,0,986,153,1139,89417,256,979,14337,20059,1185
marginal_b700_rho0950_f100_period4096,RTL-LS-002,1,3,0,4,128,1,2048,4096,65536,1000000,950000,700,100,128,4096,2048,4096,4096,1,1,1594,948406,17,17,1545752503,12062,11331,731,11331,0,43,0,731,0,731,60603,256,497,1320,12028,61
marginal_b700_rho0950_f100_period4096,RTL-LS-002,1,3,1,4,128,1,2048,4096,65536,1000000,950000,700,100,128,4096,2048,4096,4096,1,1,1594,948406,17,17,1545752503,12505,11671,834,11671,0,47,0,834,0,834,66693,256,179,1376,12411,46
marginal_b700_rho0950_f100_period4096,RTL-LS-002,1,3,2,4,128,1,2048,4096,65536,1000000,950000,700,100,128,4096,2048,4096,4096,1,1,1594,948406,17,17,1545752503,12144,11753,391,11753,0,21,0,391,0,391,32196,256,192,1397,12494,52
marginal_b700_rho0950_f100_period4096,RTL-LS-002,1,3,3,4,128,1,2048,4096,65536,1000000,950000,700,100,128,4096,2048,4096,4096,1,1,1594,948406,17,17,1545752503,12684,12242,442,12242,0,26,0,442,0,442,34847,256,363,1447,13023,53
marginal_b403_rho0950_f100_period4096,RTL-LS-002,1,3,0,4,128,1,2048,4096,65536,1000000,950000,403,100,128,4096,2048,4096,4096,1,1,71709,878291,4,4,1545676471,12288,11815,473,11815,0,112,0,473,0,473,38492,256,911,5656,15039,143
marginal_b403_rho0950_f100_period4096,RTL-LS-002,1,3,1,4,128,1,2048,4096,65536,1000000,950000,403,100,128,4096,2048,4096,4096,1,1,71709,878291,4,4,1545676471,12007,11708,299,11708,0,67,0,299,0,299,24902,256,548,5902,14869,50
marginal_b403_rho0950_f100_period4096,RTL-LS-002,1,3,2,4,128,1,2048,4096,65536,1000000,950000,403,100,128,4096,2048,4096,4096,1,1,71709,878291,4,4,1545676471,12013,11687,326,11687,0,77,0,326,0,326,27137,256,787,6089,14880,91
marginal_b403_rho0950_f100_period4096,RTL-LS-002,1,3,3,4,128,1,2048,4096,65536,1000000,950000,403,100,128,4096,2048,4096,4096,1,1,71709,878291,4,4,1545676471,11957,11491,466,11491,0,115,0,466,0,466,38972,256,744,6023,14741,152
marginal_b000_rho0950_f100_period4096,RTL-LS-002,1,3,0,4,128,1,2048,4096,65536,1000000,950000,0,100,128,4096,2048,4096,4096,1,1,950000,0,1,1,1545573303,12108,11474,634,11474,0,410,0,634,0,634,52362,256,949,13532,18961,840
marginal_b000_rho0950_f100_period4096,RTL-LS-002,1,3,1,4,128,1,2048,4096,65536,1000000,950000,0,100,128,4096,2048,4096,4096,1,1,950000,0,1,1,1545573303,12199,11519,680,11519,0,425,0,680,0,680,55742,256,142,13914,18946,52
marginal_b000_rho0950_f100_period4096,RTL-LS-002,1,3,2,4,128,1,2048,4096,65536,1000000,950000,0,100,128,4096,2048,4096,4096,1,1,950000,0,1,1,1545573303,11901,11375,526,11375,0,339,0,526,0,526,44197,256,868,14387,18828,80
marginal_b000_rho0950_f100_period4096,RTL-LS-002,1,3,3,4,128,1,2048,4096,65536,1000000,950000,0,100,128,4096,2048,4096,4096,1,1,950000,0,1,1,1545573303,12232,11443,789,11443,0,487,0,789,0,789,64502,256,986,14203,19636,906
marginal_b700_rho0900_f100_period4096,RTL-LS-002,1,3,0,4,128,1,2048,4096,65536,1000000,900000,700,100,128,4096,2048,4096,4096,1,1,1510,898490,17,17,1545752453,11067,10829,238,10829,0,12,0,238,0,238,21505,256,274,1262,11481,56
marginal_b700_rho0900_f100_period4096,RTL-LS-002,1,3,1,4,128,1,2048,4096,65536,1000000,900000,700,100,128,4096,2048,4096,4096,1,1,1510,898490,17,17,1545752453,11557,11302,255,11302,0,14,0,255,0,255,22064,256,70,1295,11999,47
marginal_b700_rho0900_f100_period4096,RTL-LS-002,1,3,2,4,128,1,2048,4096,65536,1000000,900000,700,100,128,4096,2048,4096,4096,1,1,1510,898490,17,17,1545752453,11438,11302,136,11302,0,6,0,136,0,136,11890,256,260,1309,11991,47
marginal_b700_rho0900_f100_period4096,RTL-LS-002,1,3,3,4,128,1,2048,4096,65536,1000000,900000,700,100,128,4096,2048,4096,4096,1,1,1510,898490,17,17,1545752453,12290,12069,221,12069,0,13,0,221,0,221,17982,256,79,1413,12819,48
marginal_b403_rho0900_f100_period4096,RTL-LS-002,1,3,0,4,128,1,2048,4096,65536,1000000,900000,403,100,128,4096,2048,4096,4096,1,1,67935,832065,4,4,1545676421,11769,11304,465,11304,0,113,0,465,0,465,39510,256,914,5394,14396,125
marginal_b403_rho0900_f100_period4096,RTL-LS-002,1,3,1,4,128,1,2048,4096,65536,1000000,900000,403,100,128,4096,2048,4096,4096,1,1,67935,832065,4,4,1545676421,11650,11189,461,11189,0,113,0,461,0,461,39570,256,577,5645,14213,47
marginal_b403_rho0900_f100_period4096,RTL-LS-002,1,3,2,4,128,1,2048,4096,65536,1000000,900000,403,100,128,4096,2048,4096,4096,1,1,67935,832065,4,4,1545676421,11561,11198,363,11198,0,89,0,363,0,363,31398,256,625,5918,14318,104
marginal_b403_rho0900_f100_period4096,RTL-LS-002,1,3,3,4,128,1,2048,4096,65536,1000000,900000,403,100,128,4096,2048,4096,4096,1,1,67935,832065,4,4,1545676421,11363,10989,374,10989,0,87,0,374,0,374,32913,256,891,5719,14035,115
marginal_b000_rho0900_f100_period4096,RTL-LS-002,1,3,0,4,128,1,2048,4096,65536,1000000,900000,0,100,128,4096,2048,4096,4096,1,1,900000,0,1,1,1545573253,11502,10970,532,10970,0,382,0,409,123,532,46252,256,1022,13143,18287,670
marginal_b000_rho0900_f100_period4096,RTL-LS-002,1,3,1,4,128,1,2048,4096,65536,1000000,900000,0,100,128,4096,2048,4096,4096,1,1,900000,0,1,1,1545573253,11543,11079,464,11079,0,355,0,377,87,464,40197,256,555,13550,18317,50
marginal_b000_rho0900_f100_period4096,RTL-LS-002,1,3,2,4,128,1,2048,4096,65536,1000000,900000,0,100,128,4096,2048,4096,4096,1,1,900000,0,1,1,1545573253,11456,11086,370,11086,0,309,0,308,62,370,32297,256,488,14076,18395,71
marginal_b000_rho0900_f100_period4096,RTL-LS-002,1,3,3,4,128,1,2048,4096,65536,1000000,900000,0,100,128,4096,2048,4096,4096,1,1,900000,0,1,1,1545573253,11518,10949,569,10949,0,392,0,480,89,569,49400,256,970,13859,18848,749
marginal_b700_rho0850_f100_period4096,RTL-LS-002,1,3,0,4,128,1,2048,4096,65536,1000000,850000,700,100,128,4096,2048,4096,4096,1,1,1426,848574,17,17,1545752403,10966,10813,153,10813,0,9,0,153,0,153,13952,256,98,1261,11473,50
marginal_b700_rho0850_f100_period4096,RTL-LS-002,1,3,1,4,128,1,2048,4096,65536,1000000,850000,700,100,128,4096,2048,4096,4096,1,1,1426,848574,17,17,1545752403,10959,10772,187,10772,0,11,0,187,0,187,17063,256,236,1242,11433,42
marginal_b700_rho0850_f100_period4096,RTL-LS-002,1,3,2,4,128,1,2048,4096,65536,1000000,850000,700,100,128,4096,2048,4096,4096,1,1,1426,848574,17,17,1545752403,10199,10199,0,10199,0,0,0,0,0,0,0,256,168,1226,10842,43
marginal_b700_rho0850_f100_period4096,RTL-LS-002,1,3,3,4,128,1,2048,4096,65536,1000000,850000,700,100,128,4096,2048,4096,4096,1,1,1426,848574,17,17,1545752403,9965,9965,0,9965,0,0,0,0,0,0,0,256,190,1174,10585,39
marginal_b403_rho0850_f100_period4096,RTL-LS-002,1,3,0,4,128,1,2048,4096,65536,1000000,850000,403,100,128,4096,2048,4096,4096,1,1,64161,785839,4,4,1545676371,10801,10556,245,10556,0,64,0,245,0,245,22683,256,940,5160,13493,102
marginal_b403_rho0850_f100_period4096,RTL-LS-002,1,3,1,4,128,1,2048,4096,65536,1000000,850000,403,100,128,4096,2048,4096,4096,1,1,64161,785839,4,4,1545676371,10964,10702,262,10702,0,59,0,262,0,262,23896,256,128,5391,13579,44
marginal_b403_rho0850_f100_period4096,RTL-LS-002,1,3,2,4,128,1,2048,4096,65536,1000000,850000,403,100,128,4096,2048,4096,4096,1,1,64161,785839,4,4,1545676371,10829,10655,174,10655,0,40,0,174,0,174,16067,256,940,5601,13576,68
marginal_b403_rho0850_f100_period4096,RTL-LS-002,1,3,3,4,128,1,2048,4096,65536,1000000,850000,403,100,128,4096,2048,4096,4096,1,1,64161,785839,4,4,1545676371,10612,10497,115,10497,0,25,0,115,0,115,10836,256,991,5528,13409,89
marginal_b000_rho0850_f100_period4096,RTL-LS-002,1,3,0,4,128,1,2048,4096,65536,1000000,850000,0,100,128,4096,2048,4096,4096,1,1,850000,0,1,1,1545573203,10767,10581,186,10581,0,130,0,186,0,186,17275,256,1022,13109,17876,570
marginal_b000_rho0850_f100_period4096,RTL-LS-002,1,3,1,4,128,1,2048,4096,65536,1000000,850000,0,100,128,4096,2048,4096,4096,1,1,850000,0,1,1,1545573203,10942,10741,201,10741,0,143,0,201,0,201,18369,256,212,13459,17968,43
marginal_b000_rho0850_f100_period4096,RTL-LS-002,1,3,2,4,128,1,2048,4096,65536,1000000,850000,0,100,128,4096,2048,4096,4096,1,1,850000,0,1,1,1545573203,10841,10571,270,10571,0,187,0,270,0,270,24905,256,700,13727,17711,54
marginal_b000_rho0850_f100_period4096,RTL-LS-002,1,3,3,4,128,1,2048,4096,65536,1000000,850000,0,100,128,4096,2048,4096,4096,1,1,850000,0,1,1,1545573203,10837,10569,268,10569,0,190,0,268,0,268,24730,256,967,13625,18197,616
marginal_b700_rho0800_f100_period4096,RTL-LS-002,1,3,0,4,128,1,2048,4096,65536,1000000,800000,700,100,128,4096,2048,4096,4096,1,1,1342,798658,17,17,1545752353,9604,9553,51,9553,0,3,0,51,0,51,5310,256,505,1107,10139,45
marginal_b700_rho0800_f100_period4096,RTL-LS-002,1,3,1,4,128,1,2048,4096,65536,1000000,800000,700,100,128,4096,2048,4096,4096,1,1,1342,798658,17,17,1545752353,10030,10030,0,10030,0,0,0,0,0,0,0,256,246,1173,10646,40
marginal_b700_rho0800_f100_period4096,RTL-LS-002,1,3,2,4,128,1,2048,4096,65536,1000000,800000,700,100,128,4096,2048,4096,4096,1,1,1342,798658,17,17,1545752353,10506,10506,0,10506,0,0,0,0,0,0,0,256,682,1243,11168,43
marginal_b700_rho0800_f100_period4096,RTL-LS-002,1,3,3,4,128,1,2048,4096,65536,1000000,800000,700,100,128,4096,2048,4096,4096,1,1,1342,798658,17,17,1545752353,9624,9624,0,9624,0,0,0,0,0,0,0,256,177,1135,10229,40
marginal_b403_rho0800_f100_period4096,RTL-LS-002,1,3,0,4,128,1,2048,4096,65536,1000000,800000,403,100,128,4096,2048,4096,4096,1,1,60387,739613,4,4,1545676321,10001,9885,116,9885,0,25,0,116,0,116,11598,256,907,4839,12636,93
marginal_b403_rho0800_f100_period4096,RTL-LS-002,1,3,1,4,128,1,2048,4096,65536,1000000,800000,403,100,128,4096,2048,4096,4096,1,1,60387,739613,4,4,1545676321,10170,10101,69,10101,0,15,0,69,0,69,6784,256,392,5171,12840,40
marginal_b403_rho0800_f100_period4096,RTL-LS-002,1,3,2,4,128,1,2048,4096,65536,1000000,800000,403,100,128,4096,2048,4096,4096,1,1,60387,739613,4,4,1545676321,10320,10231,89,10231,0,17,0,89,0,89,8624,256,607,5421,13045,53
marginal_b403_rho0800_f100_period4096,RTL-LS-002,1,3,3,4,128,1,2048,4096,65536,1000000,800000,403,100,128,4096,2048,4096,4096,1,1,60387,739613,4,4,1545676321,10190,9914,276,9914,0,63,0,276,0,276,27085,256,932,5355,12728,81
marginal_b000_rho0800_f100_period4096,RTL-LS-002,1,3,0,4,128,1,2048,4096,65536,1000000,800000,0,100,128,4096,2048,4096,4096,1,1,800000,0,1,1,1545573153,10301,10173,128,10173,0,146,0,66,62,128,12425,256,1022,12782,17290,500
marginal_b000_rho0800_f100_period4096,RTL-LS-002,1,3,1,4,128,1,2048,4096,65536,1000000,800000,0,100,128,4096,2048,4096,4096,1,1,800000,0,1,1,1545573153,10220,10041,179,10041,0,172,0,137,42,179,17514,256,178,12919,16965,46
marginal_b000_rho0800_f100_period4096,RTL-LS-002,1,3,2,4,128,1,2048,4096,65536,1000000,800000,0,100,128,4096,2048,4096,4096,1,1,800000,0,1,1,1545573153,10271,10094,177,10094,0,170,0,132,45,177,17232,256,730,13344,17007,53
marginal_b000_rho0800_f100_period4096,RTL-LS-002,1,3,3,4,128,1,2048,4096,65536,1000000,800000,0,100,128,4096,2048,4096,4096,1,1,800000,0,1,1,1545573153,10240,10009,231,10009,0,198,0,181,50,231,22558,256,1014,13260,17350,517
marginal_b700_rho0750_f100_period4096,RTL-LS-002,1,3,0,4,128,1,2048,4096,65536,1000000,750000,700,100,128,4096,2048,4096,4096,1,1,1258,748742,17,17,1545752303,9703,9499,204,9499,0,11,0,204,0,204,21024,256,903,1129,10084,47
marginal_b700_rho0750_f100_period4096,RTL-LS-002,1,3,1,4,128,1,2048,4096,65536,1000000,750000,700,100,128,4096,2048,4096,4096,1,1,1258,748742,17,17,1545752303,9458,9458,0,9458,0,0,0,0,0,0,0,256,79,1109,10041,37
marginal_b700_rho0750_f100_period4096,RTL-LS-002,1,3,2,4,128,1,2048,4096,65536,1000000,750000,700,100,128,4096,2048,4096,4096,1,1,1258,748742,17,17,1545752303,9619,9585,34,9585,0,2,0,34,0,34,3534,256,721,1117,10171,41
marginal_b700_rho0750_f100_period4096,RTL-LS-002,1,3,3,4,128,1,2048,4096,65536,1000000,750000,700,100,128,4096,2048,4096,4096,1,1,1258,748742,17,17,1545752303,10061,9840,221,9840,0,13,0,221,0,221,21966,256,642,1137,10434,40
marginal_b403_rho0750_f100_period4096,RTL-LS-002,1,3,0,4,128,1,2048,4096,65536,1000000,750000,403,100,128,4096,2048,4096,4096,1,1,56612,693388,4,4,1545676271,9512,9451,61,9451,0,14,0,61,0,61,6412,256,599,4601,12063,62
marginal_b403_rho0750_f100_period4096,RTL-LS-002,1,3,1,4,128,1,2048,4096,65536,1000000,750000,403,100,128,4096,2048,4096,4096,1,1,56612,693388,4,4,1545676271,9639,9639,0,9639,0,0,0,0,0,0,0,256,235,4972,12274,40
marginal_b403_rho0750_f100_period4096,RTL-LS-002,1,3,2,4,128,1,2048,4096,65536,1000000,750000,403,100,128,4096,2048,4096,4096,1,1,56612,693388,4,4,1545676271,9731,9711,20,9711,0,5,0,20,0,20,2055,256,827,5255,12437,55
marginal_b403_rho0750_f100_period4096,RTL-LS-002,1,3,3,4,128,1,2048,4096,65536,1000000,750000,403,100,128,4096,2048,4096,4096,1,1,56612,693388,4,4,1545676271,9642,9642,0,9642,0,0,0,0,0,0,0,256,835,5213,12360,71
marginal_b000_rho0750_f100_period4096,RTL-LS-002,1,3,0,4,128,1,2048,4096,65536,1000000,750000,0,100,128,4096,2048,4096,4096,1,1,750000,0,1,1,1545573103,9301,9301,0,9301,0,0,0,0,0,0,0,256,1022,12055,16002,367
marginal_b000_rho0750_f100_period4096,RTL-LS-002,1,3,1,4,128,1,2048,4096,65536,1000000,750000,0,100,128,4096,2048,4096,4096,1,1,750000,0,1,1,1545573103,9648,9596,52,9596,0,36,0,52,0,52,5389,256,537,12455,16301,39
marginal_b000_rho0750_f100_period4096,RTL-LS-002,1,3,2,4,128,1,2048,4096,65536,1000000,750000,0,100,128,4096,2048,4096,4096,1,1,750000,0,1,1,1545573103,9701,9701,0,9701,0,0,0,0,0,0,0,256,372,13022,16453,42
marginal_b000_rho0750_f100_period4096,RTL-LS-002,1,3,3,4,128,1,2048,4096,65536,1000000,750000,0,100,128,4096,2048,4096,4096,1,1,750000,0,1,1,1545573103,9770,9770,0,9770,0,0,0,0,0,0,0,256,993,13111,16888,370
marginal_b700_rho0720_f100_period4096,RTL-LS-002,1,3,0,4,128,1,2048,4096,65536,1000000,720000,700,100,128,4096,2048,4096,4096,1,1,1208,718792,17,17,1545752273,9024,9024,0,9024,0,0,0,0,0,0,0,256,50,1056,9580,41
marginal_b700_rho0720_f100_period4096,RTL-LS-002,1,3,1,4,128,1,2048,4096,65536,1000000,720000,700,100,128,4096,2048,4096,4096,1,1,1208,718792,17,17,1545752273,9579,9579,0,9579,0,0,0,0,0,0,0,256,36,1083,10156,39
marginal_b700_rho0720_f100_period4096,RTL-LS-002,1,3,2,4,128,1,2048,4096,65536,1000000,720000,700,100,128,4096,2048,4096,4096,1,1,1208,718792,17,17,1545752273,9358,9341,17,9341,0,1,0,17,0,17,1816,256,131,1092,9911,36
marginal_b700_rho0720_f100_period4096,RTL-LS-002,1,3,3,4,128,1,2048,4096,65536,1000000,720000,700,100,128,4096,2048,4096,4096,1,1,1208,718792,17,17,1545752273,10179,10179,0,10179,0,0,0,0,0,0,0,256,313,1190,10804,40
marginal_b403_rho0720_f100_period4096,RTL-LS-002,1,3,0,4,128,1,2048,4096,65536,1000000,720000,403,100,128,4096,2048,4096,4096,1,1,54348,665652,4,4,1545676241,8879,8879,0,8879,0,0,0,0,0,0,0,256,1019,4489,11401,66
marginal_b403_rho0720_f100_period4096,RTL-LS-002,1,3,1,4,128,1,2048,4096,65536,1000000,720000,403,100,128,4096,2048,4096,4096,1,1,54348,665652,4,4,1545676241,9122,9122,0,9122,0,0,0,0,0,0,0,256,350,4801,11656,36
marginal_b403_rho0720_f100_period4096,RTL-LS-002,1,3,2,4,128,1,2048,4096,65536,1000000,720000,403,100,128,4096,2048,4096,4096,1,1,54348,665652,4,4,1545676241,9149,9149,0,9149,0,0,0,0,0,0,0,256,890,4920,11707,56
marginal_b403_rho0720_f100_period4096,RTL-LS-002,1,3,3,4,128,1,2048,4096,65536,1000000,720000,403,100,128,4096,2048,4096,4096,1,1,54348,665652,4,4,1545676241,9373,9373,0,9373,0,0,0,0,0,0,0,256,801,5068,12016,70
marginal_b000_rho0720_f100_period4096,RTL-LS-002,1,3,0,4,128,1,2048,4096,65536,1000000,720000,0,100,128,4096,2048,4096,4096,1,1,720000,0,1,1,1545573073,9114,9114,0,9114,0,0,0,0,0,0,0,256,1022,11834,15685,326
marginal_b000_rho0720_f100_period4096,RTL-LS-002,1,3,1,4,128,1,2048,4096,65536,1000000,720000,0,100,128,4096,2048,4096,4096,1,1,720000,0,1,1,1545573073,9296,9296,0,9296,0,0,0,0,0,0,0,256,176,12392,15970,36
marginal_b000_rho0720_f100_period4096,RTL-LS-002,1,3,2,4,128,1,2048,4096,65536,1000000,720000,0,100,128,4096,2048,4096,4096,1,1,720000,0,1,1,1545573073,9285,9285,0,9285,0,0,0,0,0,0,0,256,341,12718,15895,43
marginal_b000_rho0720_f100_period4096,RTL-LS-002,1,3,3,4,128,1,2048,4096,65536,1000000,720000,0,100,128,4096,2048,4096,4096,1,1,720000,0,1,1,1545573073,9096,9096,0,9096,0,0,0,0,0,0,0,256,997,12622,15925,329
marginal_b700_rho0700_f100_period4096,RTL-LS-002,1,3,0,4,128,1,2048,4096,65536,1000000,700000,700,100,128,4096,2048,4096,4096,1,1,1174,698826,17,17,1545752253,9060,9060,0,9060,0,0,0,0,0,0,0,256,286,1075,9607,36
marginal_b700_rho0700_f100_period4096,RTL-LS-002,1,3,1,4,128,1,2048,4096,65536,1000000,700000,700,100,128,4096,2048,4096,4096,1,1,1174,698826,17,17,1545752253,9279,9262,17,9262,0,1,0,17,0,17,1832,256,603,1068,9831,38
marginal_b700_rho0700_f100_period4096,RTL-LS-002,1,3,2,4,128,1,2048,4096,65536,1000000,700000,700,100,128,4096,2048,4096,4096,1,1,1174,698826,17,17,1545752253,8241,8241,0,8241,0,0,0,0,0,0,0,256,737,982,8758,35
marginal_b700_rho0700_f100_period4096,RTL-LS-002,1,3,3,4,128,1,2048,4096,65536,1000000,700000,700,100,128,4096,2048,4096,4096,1,1,1174,698826,17,17,1545752253,9387,9387,0,9387,0,0,0,0,0,0,0,256,341,1112,9975,37
marginal_b403_rho0700_f100_period4096,RTL-LS-002,1,3,0,4,128,1,2048,4096,65536,1000000,700000,403,100,128,4096,2048,4096,4096,1,1,52838,647162,4,4,1545676221,8633,8633,0,8633,0,0,0,0,0,0,0,256,700,4312,11035,53
marginal_b403_rho0700_f100_period4096,RTL-LS-002,1,3,1,4,128,1,2048,4096,65536,1000000,700000,403,100,128,4096,2048,4096,4096,1,1,52838,647162,4,4,1545676221,8568,8568,0,8568,0,0,0,0,0,0,0,256,136,4605,10995,33
marginal_b403_rho0700_f100_period4096,RTL-LS-002,1,3,2,4,128,1,2048,4096,65536,1000000,700000,403,100,128,4096,2048,4096,4096,1,1,52838,647162,4,4,1545676221,8539,8539,0,8539,0,0,0,0,0,0,0,256,859,4667,10933,50
marginal_b403_rho0700_f100_period4096,RTL-LS-002,1,3,3,4,128,1,2048,4096,65536,1000000,700000,403,100,128,4096,2048,4096,4096,1,1,52838,647162,4,4,1545676221,9602,9602,0,9602,0,0,0,0,0,0,0,256,846,5193,12301,63
marginal_b000_rho0700_f100_period4096,RTL-LS-002,1,3,0,4,128,1,2048,4096,65536,1000000,700000,0,100,128,4096,2048,4096,4096,1,1,700000,0,1,1,1545573053,8880,8880,0,8880,0,0,0,0,0,0,0,256,1021,11547,15312,287
marginal_b000_rho0700_f100_period4096,RTL-LS-002,1,3,1,4,128,1,2048,4096,65536,1000000,700000,0,100,128,4096,2048,4096,4096,1,1,700000,0,1,1,1545573053,9084,9084,0,9084,0,0,0,0,0,0,0,256,1009,12041,15576,39
marginal_b000_rho0700_f100_period4096,RTL-LS-002,1,3,2,4,128,1,2048,4096,65536,1000000,700000,0,100,128,4096,2048,4096,4096,1,1,700000,0,1,1,1545573053,8858,8858,0,8858,0,0,0,0,0,0,0,256,770,12326,15259,44
marginal_b000_rho0700_f100_period4096,RTL-LS-002,1,3,3,4,128,1,2048,4096,65536,1000000,700000,0,100,128,4096,2048,4096,4096,1,1,700000,0,1,1,1545573053,8814,8814,0,8814,0,0,0,0,0,0,0,256,943,12274,15396,294
marginal_b700_rho0680_f100_period4096,RTL-LS-002,1,3,0,4,128,1,2048,4096,65536,1000000,680000,700,100,128,4096,2048,4096,4096,1,1,1141,678859,17,17,1545752233,9380,9380,0,9380,0,0,0,0,0,0,0,256,530,1095,9944,38
marginal_b700_rho0680_f100_period4096,RTL-LS-002,1,3,1,4,128,1,2048,4096,65536,1000000,680000,700,100,128,4096,2048,4096,4096,1,1,1141,678859,17,17,1545752233,8516,8516,0,8516,0,0,0,0,0,0,0,256,266,979,9034,35
marginal_b700_rho0680_f100_period4096,RTL-LS-002,1,3,2,4,128,1,2048,4096,65536,1000000,680000,700,100,128,4096,2048,4096,4096,1,1,1141,678859,17,17,1545752233,7739,7739,0,7739,0,0,0,0,0,0,0,256,382,937,8237,37
marginal_b700_rho0680_f100_period4096,RTL-LS-002,1,3,3,4,128,1,2048,4096,65536,1000000,680000,700,100,128,4096,2048,4096,4096,1,1,1141,678859,17,17,1545752233,9002,9002,0,9002,0,0,0,0,0,0,0,256,470,1034,9540,36
marginal_b403_rho0680_f100_period4096,RTL-LS-002,1,3,0,4,128,1,2048,4096,65536,1000000,680000,403,100,128,4096,2048,4096,4096,1,1,51329,628671,4,4,1545676201,8509,8509,0,8509,0,0,0,0,0,0,0,256,957,4303,10923,63
marginal_b403_rho0680_f100_period4096,RTL-LS-002,1,3,1,4,128,1,2048,4096,65536,1000000,680000,403,100,128,4096,2048,4096,4096,1,1,51329,628671,4,4,1545676201,8514,8514,0,8514,0,0,0,0,0,0,0,256,336,4484,10874,34
marginal_b403_rho0680_f100_period4096,RTL-LS-002,1,3,2,4,128,1,2048,4096,65536,1000000,680000,403,100,128,4096,2048,4096,4096,1,1,51329,628671,4,4,1545676201,8588,8588,0,8588,0,0,0,0,0,0,0,256,914,4740,11036,47
marginal_b403_rho0680_f100_period4096,RTL-LS-002,1,3,3,4,128,1,2048,4096,65536,1000000,680000,403,100,128,4096,2048,4096,4096,1,1,51329,628671,4,4,1545676201,8465,8465,0,8465,0,0,0,0,0,0,0,256,747,4677,10885,52
marginal_b000_rho0680_f100_period4096,RTL-LS-002,1,3,0,4,128,1,2048,4096,65536,1000000,680000,0,100,128,4096,2048,4096,4096,1,1,680000,0,1,1,1545573033,8550,8550,0,8550,0,0,0,0,0,0,0,256,991,11312,14842,270
marginal_b000_rho0680_f100_period4096,RTL-LS-002,1,3,1,4,128,1,2048,4096,65536,1000000,680000,0,100,128,4096,2048,4096,4096,1,1,680000,0,1,1,1545573033,8752,8752,0,8752,0,0,0,0,0,0,0,256,759,11814,15123,38
marginal_b000_rho0680_f100_period4096,RTL-LS-002,1,3,2,4,128,1,2048,4096,65536,1000000,680000,0,100,128,4096,2048,4096,4096,1,1,680000,0,1,1,1545573033,8675,8675,0,8675,0,0,0,0,0,0,0,256,364,12192,15004,41
marginal_b000_rho0680_f100_period4096,RTL-LS-002,1,3,3,4,128,1,2048,4096,65536,1000000,680000,0,100,128,4096,2048,4096,4096,1,1,680000,0,1,1,1545573033,8741,8741,0,8741,0,0,0,0,0,0,0,256,989,12194,15268,250
marginal_b700_rho0660_f100_period4096,RTL-LS-002,1,3,0,4,128,1,2048,4096,65536,1000000,660000,700,100,128,4096,2048,4096,4096,1,1,1107,658893,17,17,1545752213,8618,8618,0,8618,0,0,0,0,0,0,0,256,574,1027,9165,39
marginal_b700_rho0660_f100_period4096,RTL-LS-002,1,3,1,4,128,1,2048,4096,65536,1000000,660000,700,100,128,4096,2048,4096,4096,1,1,1107,658893,17,17,1545752213,8064,8064,0,8064,0,0,0,0,0,0,0,256,128,960,8566,31
marginal_b700_rho0660_f100_period4096,RTL-LS-002,1,3,2,4,128,1,2048,4096,65536,1000000,660000,700,100,128,4096,2048,4096,4096,1,1,1107,658893,17,17,1545752213,8358,8358,0,8358,0,0,0,0,0,0,0,256,90,973,8871,32
marginal_b700_rho0660_f100_period4096,RTL-LS-002,1,3,3,4,128,1,2048,4096,65536,1000000,660000,700,100,128,4096,2048,4096,4096,1,1,1107,658893,17,17,1545752213,8393,8393,0,8393,0,0,0,0,0,0,0,256,241,983,8918,34
marginal_b403_rho0660_f100_period4096,RTL-LS-002,1,3,0,4,128,1,2048,4096,65536,1000000,660000,403,100,128,4096,2048,4096,4096,1,1,49819,610181,4,4,1545676181,8285,8285,0,8285,0,0,0,0,0,0,0,256,1022,4285,10670,74
marginal_b403_rho0660_f100_period4096,RTL-LS-002,1,3,1,4,128,1,2048,4096,65536,1000000,660000,403,100,128,4096,2048,4096,4096,1,1,49819,610181,4,4,1545676181,8522,8522,0,8522,0,0,0,0,0,0,0,256,182,4443,10870,33
marginal_b403_rho0660_f100_period4096,RTL-LS-002,1,3,2,4,128,1,2048,4096,65536,1000000,660000,403,100,128,4096,2048,4096,4096,1,1,49819,610181,4,4,1545676181,8249,8249,0,8249,0,0,0,0,0,0,0,256,927,4480,10555,44
marginal_b403_rho0660_f100_period4096,RTL-LS-002,1,3,3,4,128,1,2048,4096,65536,1000000,660000,403,100,128,4096,2048,4096,4096,1,1,49819,610181,4,4,1545676181,8506,8506,0,8506,0,0,0,0,0,0,0,256,378,4615,10897,54
marginal_b000_rho0660_f100_period4096,RTL-LS-002,1,3,0,4,128,1,2048,4096,65536,1000000,660000,0,100,128,4096,2048,4096,4096,1,1,660000,0,1,1,1545573013,8442,8442,0,8442,0,0,0,0,0,0,0,256,1022,11361,14767,242
marginal_b000_rho0660_f100_period4096,RTL-LS-002,1,3,1,4,128,1,2048,4096,65536,1000000,660000,0,100,128,4096,2048,4096,4096,1,1,660000,0,1,1,1545573013,8598,8598,0,8598,0,0,0,0,0,0,0,256,409,11682,14885,35
marginal_b000_rho0660_f100_period4096,RTL-LS-002,1,3,2,4,128,1,2048,4096,65536,1000000,660000,0,100,128,4096,2048,4096,4096,1,1,660000,0,1,1,1545573013,8526,8526,0,8526,0,0,0,0,0,0,0,256,940,11866,14673,43
marginal_b000_rho0660_f100_period4096,RTL-LS-002,1,3,3,4,128,1,2048,4096,65536,1000000,660000,0,100,128,4096,2048,4096,4096,1,1,660000,0,1,1,1545573013,8637,8637,0,8637,0,0,0,0,0,0,0,256,1007,12190,15134,223
marginal_b700_rho0640_f100_period4096,RTL-LS-002,1,3,0,4,128,1,2048,4096,65536,1000000,640000,700,100,128,4096,2048,4096,4096,1,1,1074,638926,17,17,1545752193,8329,8329,0,8329,0,0,0,0,0,0,0,256,690,977,8838,35
marginal_b700_rho0640_f100_period4096,RTL-LS-002,1,3,1,4,128,1,2048,4096,65536,1000000,640000,700,100,128,4096,2048,4096,4096,1,1,1074,638926,17,17,1545752193,9263,9263,0,9263,0,0,0,0,0,0,0,256,209,1067,9830,36
marginal_b700_rho0640_f100_period4096,RTL-LS-002,1,3,2,4,128,1,2048,4096,65536,1000000,640000,700,100,128,4096,2048,4096,4096,1,1,1074,638926,17,17,1545752193,7954,7954,0,7954,0,0,0,0,0,0,0,256,156,937,8448,31
marginal_b700_rho0640_f100_period4096,RTL-LS-002,1,3,3,4,128,1,2048,4096,65536,1000000,640000,700,100,128,4096,2048,4096,4096,1,1,1074,638926,17,17,1545752193,8189,8189,0,8189,0,0,0,0,0,0,0,256,109,951,8695,32
marginal_b403_rho0640_f100_period4096,RTL-LS-002,1,3,0,4,128,1,2048,4096,65536,1000000,640000,403,100,128,4096,2048,4096,4096,1,1,48309,591691,4,4,1545676161,8156,8156,0,8156,0,0,0,0,0,0,0,256,827,4234,10503,51
marginal_b403_rho0640_f100_period4096,RTL-LS-002,1,3,1,4,128,1,2048,4096,65536,1000000,640000,403,100,128,4096,2048,4096,4096,1,1,48309,591691,4,4,1545676161,8231,8231,0,8231,0,0,0,0,0,0,0,256,668,4334,10517,35
marginal_b403_rho0640_f100_period4096,RTL-LS-002,1,3,2,4,128,1,2048,4096,65536,1000000,640000,403,100,128,4096,2048,4096,4096,1,1,48309,591691,4,4,1545676161,8272,8272,0,8272,0,0,0,0,0,0,0,256,659,4568,10615,44
marginal_b403_rho0640_f100_period4096,RTL-LS-002,1,3,3,4,128,1,2048,4096,65536,1000000,640000,403,100,128,4096,2048,4096,4096,1,1,48309,591691,4,4,1545676161,7472,7472,0,7472,0,0,0,0,0,0,0,256,521,4238,9658,38
marginal_b000_rho0640_f100_period4096,RTL-LS-002,1,3,0,4,128,1,2048,4096,65536,1000000,640000,0,100,128,4096,2048,4096,4096,1,1,640000,0,1,1,1545572993,8104,8104,0,8104,0,0,0,0,0,0,0,256,988,10965,14224,208
marginal_b000_rho0640_f100_period4096,RTL-LS-002,1,3,1,4,128,1,2048,4096,65536,1000000,640000,0,100,128,4096,2048,4096,4096,1,1,640000,0,1,1,1545572993,8230,8230,0,8230,0,0,0,0,0,0,0,256,955,11319,14307,38
marginal_b000_rho0640_f100_period4096,RTL-LS-002,1,3,2,4,128,1,2048,4096,65536,1000000,640000,0,100,128,4096,2048,4096,4096,1,1,640000,0,1,1,1545572993,8122,8122,0,8122,0,0,0,0,0,0,0,256,918,11594,14139,39
marginal_b000_rho0640_f100_period4096,RTL-LS-002,1,3,3,4,128,1,2048,4096,65536,1000000,640000,0,100,128,4096,2048,4096,4096,1,1,640000,0,1,1,1545572993,8113,8113,0,8113,0,0,0,0,0,0,0,256,956,11517,14166,148
marginal_b700_rho0620_f100_period4096,RTL-LS-002,1,3,0,4,128,1,2048,4096,65536,1000000,620000,700,100,128,4096,2048,4096,4096,1,1,1040,618960,17,17,1545752173,7710,7710,0,7710,0,0,0,0,0,0,0,256,141,916,8186,34
marginal_b700_rho0620_f100_period4096,RTL-LS-002,1,3,1,4,128,1,2048,4096,65536,1000000,620000,700,100,128,4096,2048,4096,4096,1,1,1040,618960,17,17,1545752173,7847,7847,0,7847,0,0,0,0,0,0,0,256,442,904,8320,32
marginal_b700_rho0620_f100_period4096,RTL-LS-002,1,3,2,4,128,1,2048,4096,65536,1000000,620000,700,100,128,4096,2048,4096,4096,1,1,1040,618960,17,17,1545752173,7898,7898,0,7898,0,0,0,0,0,0,0,256,232,932,8384,31
marginal_b700_rho0620_f100_period4096,RTL-LS-002,1,3,3,4,128,1,2048,4096,65536,1000000,620000,700,100,128,4096,2048,4096,4096,1,1,1040,618960,17,17,1545752173,8291,8291,0,8291,0,0,0,0,0,0,0,256,157,977,8807,32
marginal_b403_rho0620_f100_period4096,RTL-LS-002,1,3,0,4,128,1,2048,4096,65536,1000000,620000,403,100,128,4096,2048,4096,4096,1,1,46800,573200,4,4,1545676141,7886,7886,0,7886,0,0,0,0,0,0,0,256,717,4079,10139,44
marginal_b403_rho0620_f100_period4096,RTL-LS-002,1,3,1,4,128,1,2048,4096,65536,1000000,620000,403,100,128,4096,2048,4096,4096,1,1,46800,573200,4,4,1545676141,8137,8137,0,8137,0,0,0,0,0,0,0,256,310,4266,10373,32
marginal_b403_rho0620_f100_period4096,RTL-LS-002,1,3,2,4,128,1,2048,4096,65536,1000000,620000,403,100,128,4096,2048,4096,4096,1,1,46800,573200,4,4,1545676141,7942,7942,0,7942,0,0,0,0,0,0,0,256,621,4348,10183,39
marginal_b403_rho0620_f100_period4096,RTL-LS-002,1,3,3,4,128,1,2048,4096,65536,1000000,620000,403,100,128,4096,2048,4096,4096,1,1,46800,573200,4,4,1545676141,8047,8047,0,8047,0,0,0,0,0,0,0,256,642,4411,10330,43
marginal_b000_rho0620_f100_period4096,RTL-LS-002,1,3,0,4,128,1,2048,4096,65536,1000000,620000,0,100,128,4096,2048,4096,4096,1,1,620000,0,1,1,1545572973,7909,7909,0,7909,0,0,0,0,0,0,0,256,944,10813,13914,178
marginal_b000_rho0620_f100_period4096,RTL-LS-002,1,3,1,4,128,1,2048,4096,65536,1000000,620000,0,100,128,4096,2048,4096,4096,1,1,620000,0,1,1,1545572973,8034,8034,0,8034,0,0,0,0,0,0,0,256,917,11035,13969,40
marginal_b000_rho0620_f100_period4096,RTL-LS-002,1,3,2,4,128,1,2048,4096,65536,1000000,620000,0,100,128,4096,2048,4096,4096,1,1,620000,0,1,1,1545572973,7835,7835,0,7835,0,0,0,0,0,0,0,256,755,11266,13673,37
marginal_b000_rho0620_f100_period4096,RTL-LS-002,1,3,3,4,128,1,2048,4096,65536,1000000,620000,0,100,128,4096,2048,4096,4096,1,1,620000,0,1,1,1545572973,7974,7974,0,7974,0,0,0,0,0,0,0,256,999,11508,14025,150
marginal_b700_rho0600_f100_period4096,RTL-LS-002,1,3,0,4,128,1,2048,4096,65536,1000000,600000,700,100,128,4096,2048,4096,4096,1,1,1007,598993,17,17,1545752153,7817,7817,0,7817,0,0,0,0,0,0,0,256,119,920,8287,30
marginal_b700_rho0600_f100_period4096,RTL-LS-002,1,3,1,4,128,1,2048,4096,65536,1000000,600000,700,100,128,4096,2048,4096,4096,1,1,1007,598993,17,17,1545752153,7338,7338,0,7338,0,0,0,0,0,0,0,256,86,857,7792,28
marginal_b700_rho0600_f100_period4096,RTL-LS-002,1,3,2,4,128,1,2048,4096,65536,1000000,600000,700,100,128,4096,2048,4096,4096,1,1,1007,598993,17,17,1545752153,7918,7918,0,7918,0,0,0,0,0,0,0,256,889,925,8404,34
marginal_b700_rho0600_f100_period4096,RTL-LS-002,1,3,3,4,128,1,2048,4096,65536,1000000,600000,700,100,128,4096,2048,4096,4096,1,1,1007,598993,17,17,1545752153,7113,7113,0,7113,0,0,0,0,0,0,0,256,442,820,7540,29
marginal_b403_rho0600_f100_period4096,RTL-LS-002,1,3,0,4,128,1,2048,4096,65536,1000000,600000,403,100,128,4096,2048,4096,4096,1,1,45290,554710,4,4,1545676121,7719,7719,0,7719,0,0,0,0,0,0,0,256,736,3991,9932,40
marginal_b403_rho0600_f100_period4096,RTL-LS-002,1,3,1,4,128,1,2048,4096,65536,1000000,600000,403,100,128,4096,2048,4096,4096,1,1,45290,554710,4,4,1545676121,7369,7369,0,7369,0,0,0,0,0,0,0,256,311,4034,9480,29
marginal_b403_rho0600_f100_period4096,RTL-LS-002,1,3,2,4,128,1,2048,4096,65536,1000000,600000,403,100,128,4096,2048,4096,4096,1,1,45290,554710,4,4,1545676121,7944,7944,0,7944,0,0,0,0,0,0,0,256,103,4293,10156,31
marginal_b403_rho0600_f100_period4096,RTL-LS-002,1,3,3,4,128,1,2048,4096,65536,1000000,600000,403,100,128,4096,2048,4096,4096,1,1,45290,554710,4,4,1545676121,7597,7597,0,7597,0,0,0,0,0,0,0,256,955,4228,9779,40
marginal_b000_rho0600_f100_period4096,RTL-LS-002,1,3,0,4,128,1,2048,4096,65536,1000000,600000,0,100,128,4096,2048,4096,4096,1,1,600000,0,1,1,1545572953,7633,7633,0,7633,0,0,0,0,0,0,0,256,1022,10584,13490,177
marginal_b000_rho0600_f100_period4096,RTL-LS-002,1,3,1,4,128,1,2048,4096,65536,1000000,600000,0,100,128,4096,2048,4096,4096,1,1,600000,0,1,1,1545572953,7642,7642,0,7642,0,0,0,0,0,0,0,256,550,10657,13362,31
marginal_b000_rho0600_f100_period4096,RTL-LS-002,1,3,2,4,128,1,2048,4096,65536,1000000,600000,0,100,128,4096,2048,4096,4096,1,1,600000,0,1,1,1545572953,7733,7733,0,7733,0,0,0,0,0,0,0,256,946,11095,13475,40
marginal_b000_rho0600_f100_period4096,RTL-LS-002,1,3,3,4,128,1,2048,4096,65536,1000000,600000,0,100,128,4096,2048,4096,4096,1,1,600000,0,1,1,1545572953,7635,7635,0,7635,0,0,0,0,0,0,0,256,951,11240,13540,148
