run_tag,case,sim_pass,n_lane,n_shd,egress_symbols_per_beat,lane_fifo_depth,ticket_fifo_depth,frame_launch_period_cycles,ready_duty,rho_unit,rho_lane,link_utilization,source_word_utilization,merged_output_utilization,hits_per_subheader_per_lane,persistent_knee_rho_lane,above_persistent_knee,persistent_loss_floor,opq_80pct_lossless_target_rho,burstiness,expected_hits,accepted_hits,dropped_hits,delivered_hits,unexplained_hits,controlled_loss_hit_count,asserted_loss_hit_count,end_to_end_missing_hit_count,inferred_missing_hit_count,loss_tier,loss_probability,loss_ppm
scan128_b000_rho0100,RTL-LS-002,0,4,128,1,2048,4096,4096,1.0,hits_per_subheader_per_lane,0.1,0.003125,0.03583984375,0.04521484375,0.1,7.73828125,0,0.0,6.190625000000001,0.0,1000815,111712,889103,100436,11494,889103,0,900379,11494,mixed,0.8883789711385222,888379
scan128_b000_rho0200,RTL-LS-002,0,4,128,1,2048,4096,4096,1.0,hits_per_subheader_per_lane,0.2,0.00625,0.03896484375,0.05771484375,0.2,7.73828125,0,0.0,6.190625000000001,0.0,1000291,121555,878736,109169,13044,878736,0,891122,13044,mixed,0.8784803622145956,878480
scan128_b000_rho0300,RTL-LS-002,0,4,128,1,2048,4096,4096,1.0,hits_per_subheader_per_lane,0.3,0.009375,0.04208984375,0.07021484375,0.3,7.73828125,0,0.0,6.190625000000001,0.0,999860,122698,877162,110466,12971,877162,0,889394,12971,mixed,0.8772848198747825,877285
scan128_b000_rho0400,RTL-LS-002,0,4,128,1,2048,4096,4096,1.0,hits_per_subheader_per_lane,0.4,0.0125,0.04521484375,0.08271484375,0.4,7.73828125,0,0.0,6.190625000000001,0.0,998976,134294,864682,119134,16102,864682,0,879842,16102,mixed,0.8655683419821898,865568
scan128_b000_rho0500,RTL-LS-002,0,4,128,1,2048,4096,4096,1.0,hits_per_subheader_per_lane,0.5,0.015625,0.04833984375,0.09521484375,0.5,7.73828125,0,0.0,6.190625000000001,0.0,1000968,142474,858494,123201,20505,858494,0,877767,20505,mixed,0.8576637814595471,857664
scan128_b000_rho0600,RTL-LS-002,0,4,128,1,2048,4096,4096,1.0,hits_per_subheader_per_lane,0.6,0.01875,0.05146484375,0.10771484375,0.6,7.73828125,0,0.0,6.190625000000001,0.0,1000319,135131,865188,101406,34250,865188,0,898913,34250,mixed,0.8649120930423195,864912
scan128_b000_rho0750,RTL-LS-002,0,4,128,1,2048,4096,4096,1.0,hits_per_subheader_per_lane,0.75,0.0234375,0.05615234375,0.12646484375,0.75,7.73828125,0,0.0,6.190625000000001,0.0,1000420,105437,894983,81850,23845,894983,0,918570,23845,mixed,0.8946072649487216,894607
scan128_b000_rho0900,RTL-LS-002,0,4,128,1,2048,4096,4096,1.0,hits_per_subheader_per_lane,0.9,0.028125,0.06083984375,0.14521484375,0.9,7.73828125,0,0.0,6.190625000000001,0.0,999894,106437,893457,80742,26100,893457,0,919152,26100,mixed,0.8935517164819471,893552
scan128_b000_rho1000,RTL-LS-002,0,4,128,1,2048,4096,4096,1.0,hits_per_subheader_per_lane,1.0,0.03125,0.06396484375,0.15771484375,1.0,7.73828125,0,0.0,6.190625000000001,0.0,1001312,106432,894880,76844,30330,894880,0,924468,30330,mixed,0.8937074558179668,893707
scan128_b000_rho1200,RTL-LS-002,0,4,128,1,2048,4096,4096,1.0,hits_per_subheader_per_lane,1.2,0.0375,0.07021484375,0.18271484375,1.2,7.73828125,0,0.0,6.190625000000001,0.0,1000197,106576,893621,75974,31438,893621,0,924223,31438,mixed,0.8934449913367066,893445
scan128_b000_rho1500,RTL-LS-002,0,4,128,1,2048,4096,4096,1.0,hits_per_subheader_per_lane,1.5,0.046875,0.07958984375,0.22021484375,1.5,7.73828125,0,0.0,6.190625000000001,0.0,1000717,110534,890183,76733,36771,890183,0,923984,36771,mixed,0.8895451960944003,889545
scan128_b000_rho2000,RTL-LS-002,0,4,128,1,2048,4096,4096,1.0,hits_per_subheader_per_lane,2.0,0.0625,0.09521484375,0.28271484375,2.0,7.73828125,0,0.0,6.190625000000001,0.0,1000641,89284,911357,72810,20251,911357,0,927831,20251,mixed,0.9107731943824009,910773
scan128_b000_rho3000,RTL-LS-002,1,4,128,1,2048,4096,4096,1.0,hits_per_subheader_per_lane,3.0,0.09375,0.12646484375,0.40771484375,3.0,7.73828125,0,0.0,6.190625000000001,0.0,1001086,59554,941532,59554,0,941532,0,941532,0,controlled,0.940510605482446,940511
scan128_b000_rho4000,RTL-LS-002,1,4,128,1,2048,4096,4096,1.0,hits_per_subheader_per_lane,4.0,0.125,0.15771484375,0.53271484375,4.0,7.73828125,0,0.0,6.190625000000001,0.0,1000859,45367,955492,45367,0,955492,0,955492,0,controlled,0.9546719368062834,954672
scan128_b000_rho6000,RTL-LS-002,1,4,128,1,2048,4096,4096,1.0,hits_per_subheader_per_lane,6.0,0.1875,0.22021484375,0.78271484375,6.0,7.73828125,0,0.0,6.190625000000001,0.0,1002048,43935,958113,43935,0,958113,0,958113,0,controlled,0.9561547949798812,956155
scan128_b000_rho8000,RTL-LS-002,0,4,128,1,2048,4096,4096,1.0,hits_per_subheader_per_lane,8.0,0.25,0.28271484375,1.03271484375,8.0,7.73828125,1,0.03271484375,6.190625000000001,0.0,1002309,51924,950385,51771,153,950385,0,950538,153,mixed,0.9481956163219127,948196
scan128_b100_rho0100,RTL-LS-002,0,4,128,1,2048,4096,4096,1.0,hits_per_subheader_per_lane,0.1,0.003125,0.03583984375,0.04521484375,0.1,7.73828125,0,0.0,6.190625000000001,0.1,998833,118111,880722,107000,11400,880722,0,891833,11400,mixed,0.8817510034209923,881751
scan128_b100_rho0200,RTL-LS-002,0,4,128,1,2048,4096,4096,1.0,hits_per_subheader_per_lane,0.2,0.00625,0.03896484375,0.05771484375,0.2,7.73828125,0,0.0,6.190625000000001,0.1,999035,128593,870442,113415,15875,870442,0,885620,15875,mixed,0.8712827878903141,871283
scan128_b100_rho0300,RTL-LS-002,0,4,128,1,2048,4096,4096,1.0,hits_per_subheader_per_lane,0.3,0.009375,0.04208984375,0.07021484375,0.3,7.73828125,0,0.0,6.190625000000001,0.1,1002103,122491,879612,107770,15833,879612,0,894333,15833,mixed,0.8777660579800679,877766
scan128_b100_rho0400,RTL-LS-002,0,4,128,1,2048,4096,4096,1.0,hits_per_subheader_per_lane,0.4,0.0125,0.04521484375,0.08271484375,0.4,7.73828125,0,0.0,6.190625000000001,0.1,1001116,125469,875647,113745,12748,875647,0,887371,12748,mixed,0.8746708673120798,874671
scan128_b100_rho0500,RTL-LS-002,0,4,128,1,2048,4096,4096,1.0,hits_per_subheader_per_lane,0.5,0.015625,0.04833984375,0.09521484375,0.5,7.73828125,0,0.0,6.190625000000001,0.1,1002466,135297,867169,119140,17357,867169,0,883326,17357,mixed,0.8650358216637771,865036
scan128_b100_rho0600,RTL-LS-002,0,4,128,1,2048,4096,4096,1.0,hits_per_subheader_per_lane,0.6,0.01875,0.05146484375,0.10771484375,0.6,7.73828125,0,0.0,6.190625000000001,0.1,999146,135812,863334,107955,28096,863334,0,891191,28096,mixed,0.8640719174174746,864072
scan128_b100_rho0750,RTL-LS-002,0,4,128,1,2048,4096,4096,1.0,hits_per_subheader_per_lane,0.75,0.0234375,0.05615234375,0.12646484375,0.75,7.73828125,0,0.0,6.190625000000001,0.1,1000466,122638,877828,90387,32354,877828,0,910079,32354,mixed,0.877419122688827,877419
scan128_b100_rho0900,RTL-LS-002,0,4,128,1,2048,4096,4096,1.0,hits_per_subheader_per_lane,0.9,0.028125,0.06083984375,0.14521484375,0.9,7.73828125,0,0.0,6.190625000000001,0.1,998933,112445,886488,81231,31705,886488,0,917702,31705,mixed,0.887434893030864,887435
scan128_b100_rho1000,RTL-LS-002,0,4,128,1,2048,4096,4096,1.0,hits_per_subheader_per_lane,1.0,0.03125,0.06396484375,0.15771484375,1.0,7.73828125,0,0.0,6.190625000000001,0.1,1002938,104720,898218,78163,27028,898218,0,924775,27028,mixed,0.8955867660812533,895587
scan128_b100_rho1200,RTL-LS-002,0,4,128,1,2048,4096,4096,1.0,hits_per_subheader_per_lane,1.2,0.0375,0.07021484375,0.18271484375,1.2,7.73828125,0,0.0,6.190625000000001,0.1,1000789,108188,892601,76842,32313,892601,0,923947,32313,mixed,0.8918972930357948,891897
scan128_b100_rho1500,RTL-LS-002,0,4,128,1,2048,4096,4096,1.0,hits_per_subheader_per_lane,1.5,0.046875,0.07958984375,0.22021484375,1.5,7.73828125,0,0.0,6.190625000000001,0.1,998344,99334,899010,71457,30082,899010,0,926887,30082,mixed,0.9005012300369412,900501
scan128_b100_rho2000,RTL-LS-002,0,4,128,1,2048,4096,4096,1.0,hits_per_subheader_per_lane,2.0,0.0625,0.09521484375,0.28271484375,2.0,7.73828125,0,0.0,6.190625000000001,0.1,1000818,103333,897485,73348,32459,897485,0,927470,32459,mixed,0.8967514573079222,896751
scan128_b100_rho3000,RTL-LS-002,1,4,128,1,2048,4096,4096,1.0,hits_per_subheader_per_lane,3.0,0.09375,0.12646484375,0.40771484375,3.0,7.73828125,0,0.0,6.190625000000001,0.1,1000160,67373,932787,67373,0,932787,0,932787,0,controlled,0.9326377779555272,932638
scan128_b100_rho4000,RTL-LS-002,1,4,128,1,2048,4096,4096,1.0,hits_per_subheader_per_lane,4.0,0.125,0.15771484375,0.53271484375,4.0,7.73828125,0,0.0,6.190625000000001,0.1,1001435,50761,950674,50761,0,950674,0,950674,0,controlled,0.9493117376564629,949312
scan128_b100_rho6000,RTL-LS-002,0,4,128,1,2048,4096,4096,1.0,hits_per_subheader_per_lane,6.0,0.1875,0.22021484375,0.78271484375,6.0,7.73828125,0,0.0,6.190625000000001,0.1,1001639,48520,953119,47879,641,953119,0,953760,641,mixed,0.9515593941529833,951559
scan128_b100_rho8000,RTL-LS-002,0,4,128,1,2048,4096,4096,1.0,hits_per_subheader_per_lane,8.0,0.25,0.28271484375,1.03271484375,8.0,7.73828125,1,0.03271484375,6.190625000000001,0.1,1002522,51134,951388,49554,1580,951388,0,952968,1580,mixed,0.9489946355291954,948995
scan128_b200_rho0100,RTL-LS-002,0,4,128,1,2048,4096,4096,1.0,hits_per_subheader_per_lane,0.1,0.003125,0.03583984375,0.04521484375,0.1,7.73828125,0,0.0,6.190625000000001,0.2,1003118,110860,892258,99536,11674,892258,0,903582,11674,mixed,0.8894845870575545,889485
scan128_b200_rho0200,RTL-LS-002,0,4,128,1,2048,4096,4096,1.0,hits_per_subheader_per_lane,0.2,0.00625,0.03896484375,0.05771484375,0.2,7.73828125,0,0.0,6.190625000000001,0.2,997189,125870,871319,112908,13445,871319,0,884281,13445,mixed,0.8737751820367052,873775
scan128_b200_rho0300,RTL-LS-002,0,4,128,1,2048,4096,4096,1.0,hits_per_subheader_per_lane,0.3,0.009375,0.04208984375,0.07021484375,0.3,7.73828125,0,0.0,6.190625000000001,0.2,1001728,128119,873609,113807,15282,873609,0,887921,15282,mixed,0.8721020077306415,872102
scan128_b200_rho0400,RTL-LS-002,0,4,128,1,2048,4096,4096,1.0,hits_per_subheader_per_lane,0.4,0.0125,0.04521484375,0.08271484375,0.4,7.73828125,0,0.0,6.190625000000001,0.2,999523,146244,853279,129273,17912,853279,0,870250,17912,mixed,0.8536862083213693,853686
scan128_b200_rho0500,RTL-LS-002,0,4,128,1,2048,4096,4096,1.0,hits_per_subheader_per_lane,0.5,0.015625,0.04833984375,0.09521484375,0.5,7.73828125,0,0.0,6.190625000000001,0.2,997975,137517,860458,121330,17110,860458,0,876645,17110,mixed,0.8622039630251259,862204
scan128_b200_rho0600,RTL-LS-002,0,4,128,1,2048,4096,4096,1.0,hits_per_subheader_per_lane,0.6,0.01875,0.05146484375,0.10771484375,0.6,7.73828125,0,0.0,6.190625000000001,0.2,997907,133019,864888,108016,25683,864888,0,889891,25683,mixed,0.8667020073012816,866702
scan128_b200_rho0750,RTL-LS-002,0,4,128,1,2048,4096,4096,1.0,hits_per_subheader_per_lane,0.75,0.0234375,0.05615234375,0.12646484375,0.75,7.73828125,0,0.0,6.190625000000001,0.2,1000713,115077,885636,91129,24245,885636,0,909584,24245,mixed,0.8850049914411025,885005
scan128_b200_rho0900,RTL-LS-002,0,4,128,1,2048,4096,4096,1.0,hits_per_subheader_per_lane,0.9,0.028125,0.06083984375,0.14521484375,0.9,7.73828125,0,0.0,6.190625000000001,0.2,1000461,109385,891076,83746,26536,891076,0,916715,26536,mixed,0.8906654032491021,890665
scan128_b200_rho1000,RTL-LS-002,0,4,128,1,2048,4096,4096,1.0,hits_per_subheader_per_lane,1.0,0.03125,0.06396484375,0.15771484375,1.0,7.73828125,0,0.0,6.190625000000001,0.2,1000157,112259,887898,83929,28444,887898,0,916228,28444,mixed,0.8877586218963622,887759
scan128_b200_rho1200,RTL-LS-002,0,4,128,1,2048,4096,4096,1.0,hits_per_subheader_per_lane,1.2,0.0375,0.07021484375,0.18271484375,1.2,7.73828125,0,0.0,6.190625000000001,0.2,999636,104765,894871,75494,29722,894871,0,924142,29722,mixed,0.8951968516540021,895197
scan128_b200_rho1500,RTL-LS-002,0,4,128,1,2048,4096,4096,1.0,hits_per_subheader_per_lane,1.5,0.046875,0.07958984375,0.22021484375,1.5,7.73828125,0,0.0,6.190625000000001,0.2,999813,121913,877900,75195,47486,877900,0,924618,47486,mixed,0.8780641980050269,878064
scan128_b200_rho2000,RTL-LS-002,0,4,128,1,2048,4096,4096,1.0,hits_per_subheader_per_lane,2.0,0.0625,0.09521484375,0.28271484375,2.0,7.73828125,0,0.0,6.190625000000001,0.2,999325,101185,898140,71558,33234,898140,0,927767,33234,mixed,0.8987466539914443,898747
scan128_b200_rho3000,RTL-LS-002,0,4,128,1,2048,4096,4096,1.0,hits_per_subheader_per_lane,3.0,0.09375,0.12646484375,0.40771484375,3.0,7.73828125,0,0.0,6.190625000000001,0.2,1001266,82090,919176,74602,10504,919176,0,926664,10504,mixed,0.9180137945361173,918014
scan128_b200_rho4000,RTL-LS-002,1,4,128,1,2048,4096,4096,1.0,hits_per_subheader_per_lane,4.0,0.125,0.15771484375,0.53271484375,4.0,7.73828125,0,0.0,6.190625000000001,0.2,1006444,65179,941265,65179,0,941265,0,941265,0,controlled,0.9352383242386064,935238
scan128_b200_rho6000,RTL-LS-002,1,4,128,1,2048,4096,4096,1.0,hits_per_subheader_per_lane,6.0,0.1875,0.22021484375,0.78271484375,6.0,7.73828125,0,0.0,6.190625000000001,0.2,999828,40782,959046,40782,0,959046,0,959046,0,controlled,0.9592109842892977,959211
scan128_b200_rho8000,RTL-LS-002,0,4,128,1,2048,4096,4096,1.0,hits_per_subheader_per_lane,8.0,0.25,0.28271484375,1.03271484375,8.0,7.73828125,1,0.03271484375,6.190625000000001,0.2,1004725,43059,961666,42571,488,961666,0,962154,488,mixed,0.9571434969767847,957143
scan128_b300_rho0100,RTL-LS-002,0,4,128,1,2048,4096,4096,1.0,hits_per_subheader_per_lane,0.1,0.003125,0.03583984375,0.04521484375,0.1,7.73828125,0,0.0,6.190625000000001,0.3,1001124,114434,886690,103126,11555,886690,0,897998,11555,mixed,0.8856944794051486,885694
scan128_b300_rho0200,RTL-LS-002,0,4,128,1,2048,4096,4096,1.0,hits_per_subheader_per_lane,0.2,0.00625,0.03896484375,0.05771484375,0.2,7.73828125,0,0.0,6.190625000000001,0.3,1002160,122082,880078,108709,13779,880078,0,893451,13779,mixed,0.8781811287618744,878181
scan128_b300_rho0300,RTL-LS-002,0,4,128,1,2048,4096,4096,1.0,hits_per_subheader_per_lane,0.3,0.009375,0.04208984375,0.07021484375,0.3,7.73828125,0,0.0,6.190625000000001,0.3,1002460,127688,874772,114283,14218,874772,0,888177,14218,mixed,0.8726253416595176,872625
scan128_b300_rho0400,RTL-LS-002,0,4,128,1,2048,4096,4096,1.0,hits_per_subheader_per_lane,0.4,0.0125,0.04521484375,0.08271484375,0.4,7.73828125,0,0.0,6.190625000000001,0.3,1000075,143995,856080,126143,18977,856080,0,873932,18977,mixed,0.8560157988150888,856016
scan128_b300_rho0500,RTL-LS-002,0,4,128,1,2048,4096,4096,1.0,hits_per_subheader_per_lane,0.5,0.015625,0.04833984375,0.09521484375,0.5,7.73828125,0,0.0,6.190625000000001,0.3,1002171,140715,861456,123635,18688,861456,0,878536,18688,mixed,0.8595898304780322,859590
scan128_b300_rho0600,RTL-LS-002,0,4,128,1,2048,4096,4096,1.0,hits_per_subheader_per_lane,0.6,0.01875,0.05146484375,0.10771484375,0.6,7.73828125,0,0.0,6.190625000000001,0.3,999303,130161,869142,107534,24264,869142,0,891769,24264,mixed,0.8697482145055103,869748
scan128_b300_rho0750,RTL-LS-002,0,4,128,1,2048,4096,4096,1.0,hits_per_subheader_per_lane,0.75,0.0234375,0.05615234375,0.12646484375,0.75,7.73828125,0,0.0,6.190625000000001,0.3,1001037,142282,858755,106499,36593,858755,0,894538,36593,mixed,0.8578653935868504,857865
scan128_b300_rho0900,RTL-LS-002,0,4,128,1,2048,4096,4096,1.0,hits_per_subheader_per_lane,0.9,0.028125,0.06083984375,0.14521484375,0.9,7.73828125,0,0.0,6.190625000000001,0.3,1002791,127356,875435,92437,35681,875435,0,910354,35681,mixed,0.872998461294527,872998
scan128_b300_rho1000,RTL-LS-002,0,4,128,1,2048,4096,4096,1.0,hits_per_subheader_per_lane,1.0,0.03125,0.06396484375,0.15771484375,1.0,7.73828125,0,0.0,6.190625000000001,0.3,1002525,116590,885935,85069,32355,885935,0,917456,32355,mixed,0.8837036482880726,883704
scan128_b300_rho1200,RTL-LS-002,0,4,128,1,2048,4096,4096,1.0,hits_per_subheader_per_lane,1.2,0.0375,0.07021484375,0.18271484375,1.2,7.73828125,0,0.0,6.190625000000001,0.3,999141,122475,876666,85799,37812,876666,0,913342,37812,mixed,0.8774197035253283,877420
scan128_b300_rho1500,RTL-LS-002,0,4,128,1,2048,4096,4096,1.0,hits_per_subheader_per_lane,1.5,0.046875,0.07958984375,0.22021484375,1.5,7.73828125,0,0.0,6.190625000000001,0.3,1002036,108082,893954,74884,35822,893954,0,927152,35822,mixed,0.8921376078304571,892138
scan128_b300_rho2000,RTL-LS-002,0,4,128,1,2048,4096,4096,1.0,hits_per_subheader_per_lane,2.0,0.0625,0.09521484375,0.28271484375,2.0,7.73828125,0,0.0,6.190625000000001,0.3,1002281,106202,896079,75576,35103,896079,0,926705,35103,mixed,0.8940396954546679,894040
scan128_b300_rho3000,RTL-LS-002,0,4,128,1,2048,4096,4096,1.0,hits_per_subheader_per_lane,3.0,0.09375,0.12646484375,0.40771484375,3.0,7.73828125,0,0.0,6.190625000000001,0.3,1002206,139462,862744,74109,68750,862744,0,928097,68750,mixed,0.8608449759829816,860845
scan128_b300_rho4000,RTL-LS-002,1,4,128,1,2048,4096,4096,1.0,hits_per_subheader_per_lane,4.0,0.125,0.15771484375,0.53271484375,4.0,7.73828125,0,0.0,6.190625000000001,0.3,997645,69364,928281,69364,0,928281,0,928281,0,controlled,0.9304722621774278,930472
scan128_b300_rho6000,RTL-LS-002,0,4,128,1,2048,4096,4096,1.0,hits_per_subheader_per_lane,6.0,0.1875,0.22021484375,0.78271484375,6.0,7.73828125,0,0.0,6.190625000000001,0.3,999391,59109,940282,58682,427,940282,0,940709,427,mixed,0.9408549806832361,940855
scan128_b300_rho8000,RTL-LS-002,0,4,128,1,2048,4096,4096,1.0,hits_per_subheader_per_lane,8.0,0.25,0.28271484375,1.03271484375,8.0,7.73828125,1,0.03271484375,6.190625000000001,0.3,1005543,47927,957616,47915,12,957616,0,957628,12,mixed,0.9523371949285112,952337
scan128_b403_rho0100,RTL-LS-002,0,4,128,1,2048,4096,4096,1.0,hits_per_subheader_per_lane,0.1,0.003125,0.03583984375,0.04521484375,0.1,7.73828125,0,0.0,6.190625000000001,0.403,996230,112054,884176,99715,12611,884176,0,896515,12611,mixed,0.8875219577808338,887522
scan128_b403_rho0200,RTL-LS-002,0,4,128,1,2048,4096,4096,1.0,hits_per_subheader_per_lane,0.2,0.00625,0.03896484375,0.05771484375,0.2,7.73828125,0,0.0,6.190625000000001,0.403,1003133,118749,884384,106396,12912,884384,0,896737,12912,mixed,0.8816218786541765,881622
scan128_b403_rho0300,RTL-LS-002,0,4,128,1,2048,4096,4096,1.0,hits_per_subheader_per_lane,0.3,0.009375,0.04208984375,0.07021484375,0.3,7.73828125,0,0.0,6.190625000000001,0.403,1000188,130630,869558,116943,14626,869558,0,883245,14626,mixed,0.8693945538238811,869395
scan128_b403_rho0400,RTL-LS-002,0,4,128,1,2048,4096,4096,1.0,hits_per_subheader_per_lane,0.4,0.0125,0.04521484375,0.08271484375,0.4,7.73828125,0,0.0,6.190625000000001,0.403,1000503,135848,864655,122193,15158,864655,0,878310,15158,mixed,0.8642202971905132,864220
scan128_b403_rho0500,RTL-LS-002,0,4,128,1,2048,4096,4096,1.0,hits_per_subheader_per_lane,0.5,0.015625,0.04833984375,0.09521484375,0.5,7.73828125,0,0.0,6.190625000000001,0.403,1000963,149646,851317,129996,21032,851317,0,870967,21032,mixed,0.8504979704544524,850498
scan128_b403_rho0600,RTL-LS-002,0,4,128,1,2048,4096,4096,1.0,hits_per_subheader_per_lane,0.6,0.01875,0.05146484375,0.10771484375,0.6,7.73828125,0,0.0,6.190625000000001,0.403,997549,132875,864674,111243,22143,864674,0,886306,22143,mixed,0.8667985231803149,866799
scan128_b403_rho0750,RTL-LS-002,0,4,128,1,2048,4096,4096,1.0,hits_per_subheader_per_lane,0.75,0.0234375,0.05615234375,0.12646484375,0.75,7.73828125,0,0.0,6.190625000000001,0.403,1003416,133078,870338,102471,32007,870338,0,900945,32007,mixed,0.8673750468399946,867375
scan128_b403_rho0900,RTL-LS-002,0,4,128,1,2048,4096,4096,1.0,hits_per_subheader_per_lane,0.9,0.028125,0.06083984375,0.14521484375,0.9,7.73828125,0,0.0,6.190625000000001,0.403,999337,127613,871724,96723,33049,871724,0,902614,33049,mixed,0.8723023364490657,872302
scan128_b403_rho1000,RTL-LS-002,0,4,128,1,2048,4096,4096,1.0,hits_per_subheader_per_lane,1.0,0.03125,0.06396484375,0.15771484375,1.0,7.73828125,0,0.0,6.190625000000001,0.403,997865,118871,878994,88095,31842,878994,0,909770,31842,mixed,0.8808746674149309,880875
scan128_b403_rho1200,RTL-LS-002,0,4,128,1,2048,4096,4096,1.0,hits_per_subheader_per_lane,1.2,0.0375,0.07021484375,0.18271484375,1.2,7.73828125,0,0.0,6.190625000000001,0.403,996596,122033,874563,84052,38817,874563,0,912544,38817,mixed,0.877550180815496,877550
scan128_b403_rho1500,RTL-LS-002,0,4,128,1,2048,4096,4096,1.0,hits_per_subheader_per_lane,1.5,0.046875,0.07958984375,0.22021484375,1.5,7.73828125,0,0.0,6.190625000000001,0.403,999809,113412,886397,76579,38048,886397,0,923230,38048,mixed,0.8865663341698264,886566
scan128_b403_rho2000,RTL-LS-002,0,4,128,1,2048,4096,4096,1.0,hits_per_subheader_per_lane,2.0,0.0625,0.09521484375,0.28271484375,2.0,7.73828125,0,0.0,6.190625000000001,0.403,1002016,131750,870266,80281,53098,870266,0,921735,53098,mixed,0.868515073611599,868515
scan128_b403_rho3000,RTL-LS-002,0,4,128,1,2048,4096,4096,1.0,hits_per_subheader_per_lane,3.0,0.09375,0.12646484375,0.40771484375,3.0,7.73828125,0,0.0,6.190625000000001,0.403,1000373,125124,875249,75500,52840,875249,0,924873,52840,mixed,0.8749226538501139,874923
scan128_b403_rho4000,RTL-LS-002,0,4,128,1,2048,4096,4096,1.0,hits_per_subheader_per_lane,4.0,0.125,0.15771484375,0.53271484375,4.0,7.73828125,0,0.0,6.190625000000001,0.403,1001164,122907,878257,73454,53152,878257,0,927710,53152,mixed,0.8772358974154084,877236
scan128_b403_rho6000,RTL-LS-002,0,4,128,1,2048,4096,4096,1.0,hits_per_subheader_per_lane,6.0,0.1875,0.22021484375,0.78271484375,6.0,7.73828125,0,0.0,6.190625000000001,0.403,1002819,60056,942763,59751,305,942763,0,943068,305,mixed,0.9401128219549091,940113
scan128_b403_rho8000,RTL-LS-002,0,4,128,1,2048,4096,4096,1.0,hits_per_subheader_per_lane,8.0,0.25,0.28271484375,1.03271484375,8.0,7.73828125,1,0.03271484375,6.190625000000001,0.403,1008138,63882,944256,63664,218,944256,0,944474,218,mixed,0.9366336751516161,936634
scan128_b500_rho0100,RTL-LS-002,0,4,128,1,2048,4096,4096,1.0,hits_per_subheader_per_lane,0.1,0.003125,0.03583984375,0.04521484375,0.1,7.73828125,0,0.0,6.190625000000001,0.5,1000880,113685,887195,101785,12360,887195,0,899095,12360,mixed,0.886414954839741,886415
scan128_b500_rho0200,RTL-LS-002,0,4,128,1,2048,4096,4096,1.0,hits_per_subheader_per_lane,0.2,0.00625,0.03896484375,0.05771484375,0.2,7.73828125,0,0.0,6.190625000000001,0.5,998380,112325,886055,99850,13050,886055,0,898530,13050,mixed,0.8874927382359422,887493
scan128_b500_rho0300,RTL-LS-002,0,4,128,1,2048,4096,4096,1.0,hits_per_subheader_per_lane,0.3,0.009375,0.04208984375,0.07021484375,0.3,7.73828125,0,0.0,6.190625000000001,0.5,998995,121290,877705,109640,12525,877705,0,889355,12525,mixed,0.8785879809208255,878588
scan128_b500_rho0400,RTL-LS-002,0,4,128,1,2048,4096,4096,1.0,hits_per_subheader_per_lane,0.4,0.0125,0.04521484375,0.08271484375,0.4,7.73828125,0,0.0,6.190625000000001,0.5,995335,131820,863515,114440,18645,863515,0,880895,18645,mixed,0.8675621775583096,867562
scan128_b500_rho0500,RTL-LS-002,0,4,128,1,2048,4096,4096,1.0,hits_per_subheader_per_lane,0.5,0.015625,0.04833984375,0.09521484375,0.5,7.73828125,0,0.0,6.190625000000001,0.5,1004550,147245,857305,132705,15755,857305,0,871845,15755,mixed,0.8534219302175103,853422
scan128_b500_rho0600,RTL-LS-002,0,4,128,1,2048,4096,4096,1.0,hits_per_subheader_per_lane,0.6,0.01875,0.05146484375,0.10771484375,0.6,7.73828125,0,0.0,6.190625000000001,0.5,1000195,141375,858820,117645,25870,858820,0,882550,25870,mixed,0.8586525627502637,858653
scan128_b500_rho0750,RTL-LS-002,0,4,128,1,2048,4096,4096,1.0,hits_per_subheader_per_lane,0.75,0.0234375,0.05615234375,0.12646484375,0.75,7.73828125,0,0.0,6.190625000000001,0.5,1002950,137525,865425,109590,28620,865425,0,893360,28620,mixed,0.8628795054588962,862880
scan128_b500_rho0900,RTL-LS-002,0,4,128,1,2048,4096,4096,1.0,hits_per_subheader_per_lane,0.9,0.028125,0.06083984375,0.14521484375,0.9,7.73828125,0,0.0,6.190625000000001,0.5,1001650,130795,870855,105105,26750,870855,0,896545,26750,mixed,0.8694204562471921,869420
scan128_b500_rho1000,RTL-LS-002,0,4,128,1,2048,4096,4096,1.0,hits_per_subheader_per_lane,1.0,0.03125,0.06396484375,0.15771484375,1.0,7.73828125,0,0.0,6.190625000000001,0.5,999200,122610,876590,94290,29675,876590,0,904910,29675,mixed,0.8772918334667734,877292
scan128_b500_rho1200,RTL-LS-002,0,4,128,1,2048,4096,4096,1.0,hits_per_subheader_per_lane,1.2,0.0375,0.07021484375,0.18271484375,1.2,7.73828125,0,0.0,6.190625000000001,0.5,999280,121185,878095,89500,34285,878095,0,909780,34285,mixed,0.8787276839324314,878728
scan128_b500_rho1500,RTL-LS-002,0,4,128,1,2048,4096,4096,1.0,hits_per_subheader_per_lane,1.5,0.046875,0.07958984375,0.22021484375,1.5,7.73828125,0,0.0,6.190625000000001,0.5,1001225,116775,884450,82670,35655,884450,0,918555,35655,mixed,0.8833678743539165,883368
scan128_b500_rho2000,RTL-LS-002,0,4,128,1,2048,4096,4096,1.0,hits_per_subheader_per_lane,2.0,0.0625,0.09521484375,0.28271484375,2.0,7.73828125,0,0.0,6.190625000000001,0.5,1000890,123770,877120,78880,47225,877120,0,922010,47225,mixed,0.8763400573489595,876340
scan128_b500_rho3000,RTL-LS-002,0,4,128,1,2048,4096,4096,1.0,hits_per_subheader_per_lane,3.0,0.09375,0.12646484375,0.40771484375,3.0,7.73828125,0,0.0,6.190625000000001,0.5,1000840,141630,859210,77225,69390,859210,0,923615,69390,mixed,0.8584888693497462,858489
scan128_b500_rho4000,RTL-LS-002,0,4,128,1,2048,4096,4096,1.0,hits_per_subheader_per_lane,4.0,0.125,0.15771484375,0.53271484375,4.0,7.73828125,0,0.0,6.190625000000001,0.5,1000320,146045,854275,73695,76165,854275,0,926625,76165,mixed,0.8540017194497761,854002
scan128_b500_rho6000,RTL-LS-002,0,4,128,1,2048,4096,4096,1.0,hits_per_subheader_per_lane,6.0,0.1875,0.22021484375,0.78271484375,6.0,7.73828125,0,0.0,6.190625000000001,0.5,1000795,89295,911500,63200,27555,911500,0,937595,27555,mixed,0.9107759331331592,910776
scan128_b500_rho8000,RTL-LS-002,1,4,128,1,2048,4096,4096,1.0,hits_per_subheader_per_lane,8.0,0.25,0.28271484375,1.03271484375,8.0,7.73828125,1,0.03271484375,6.190625000000001,0.5,1003285,60970,942315,60970,0,942315,0,942315,0,controlled,0.9392296306632711,939230
scan128_b600_rho0100,RTL-LS-002,0,4,128,1,2048,4096,4096,1.0,hits_per_subheader_per_lane,0.1,0.003125,0.03583984375,0.04521484375,0.1,7.73828125,0,0.0,6.190625000000001,0.6,1004446,105373,899073,94829,11125,899073,0,909617,11125,mixed,0.8950934146783401,895093
scan128_b600_rho0200,RTL-LS-002,0,4,128,1,2048,4096,4096,1.0,hits_per_subheader_per_lane,0.2,0.00625,0.03896484375,0.05771484375,0.2,7.73828125,0,0.0,6.190625000000001,0.6,999366,110691,888675,100167,11297,888675,0,899199,11297,mixed,0.889238777384862,889239
scan128_b600_rho0300,RTL-LS-002,0,4,128,1,2048,4096,4096,1.0,hits_per_subheader_per_lane,0.3,0.009375,0.04208984375,0.07021484375,0.3,7.73828125,0,0.0,6.190625000000001,0.6,999293,118470,880823,105382,14023,880823,0,893911,14023,mixed,0.8814461824509928,881446
scan128_b600_rho0400,RTL-LS-002,0,4,128,1,2048,4096,4096,1.0,hits_per_subheader_per_lane,0.4,0.0125,0.04521484375,0.08271484375,0.4,7.73828125,0,0.0,6.190625000000001,0.6,1004362,130164,874198,114847,16477,874198,0,889515,16477,mixed,0.8704013094880133,870401
scan128_b600_rho0500,RTL-LS-002,0,4,128,1,2048,4096,4096,1.0,hits_per_subheader_per_lane,0.5,0.015625,0.04833984375,0.09521484375,0.5,7.73828125,0,0.0,6.190625000000001,0.6,998389,145983,852406,127519,20148,852406,0,870870,20148,mixed,0.8537814419029056,853781
scan128_b600_rho0600,RTL-LS-002,0,4,128,1,2048,4096,4096,1.0,hits_per_subheader_per_lane,0.6,0.01875,0.05146484375,0.10771484375,0.6,7.73828125,0,0.0,6.190625000000001,0.6,994660,140801,853859,119035,22880,853859,0,875625,22880,mixed,0.8584430860796655,858443
scan128_b600_rho0750,RTL-LS-002,0,4,128,1,2048,4096,4096,1.0,hits_per_subheader_per_lane,0.75,0.0234375,0.05615234375,0.12646484375,0.75,7.73828125,0,0.0,6.190625000000001,0.6,998661,120014,878647,101958,20173,878647,0,896703,20173,mixed,0.8798250857898726,879825
scan128_b600_rho0900,RTL-LS-002,0,4,128,1,2048,4096,4096,1.0,hits_per_subheader_per_lane,0.9,0.028125,0.06083984375,0.14521484375,0.9,7.73828125,0,0.0,6.190625000000001,0.6,998795,130452,868343,109527,22687,868343,0,889268,22687,mixed,0.8693906156919088,869391
scan128_b600_rho1000,RTL-LS-002,0,4,128,1,2048,4096,4096,1.0,hits_per_subheader_per_lane,1.0,0.03125,0.06396484375,0.15771484375,1.0,7.73828125,0,0.0,6.190625000000001,0.6,1002830,126386,876444,100869,27346,876444,0,901961,27346,mixed,0.8739706630236431,873971
scan128_b600_rho1200,RTL-LS-002,0,4,128,1,2048,4096,4096,1.0,hits_per_subheader_per_lane,1.2,0.0375,0.07021484375,0.18271484375,1.2,7.73828125,0,0.0,6.190625000000001,0.6,1000815,128309,872506,97965,32799,872506,0,902850,32799,mixed,0.8717954866783572,871795
scan128_b600_rho1500,RTL-LS-002,0,4,128,1,2048,4096,4096,1.0,hits_per_subheader_per_lane,1.5,0.046875,0.07958984375,0.22021484375,1.5,7.73828125,0,0.0,6.190625000000001,0.6,1000804,125262,875542,91969,33641,875542,0,908835,33641,mixed,0.8748386297416877,874839
scan128_b600_rho2000,RTL-LS-002,0,4,128,1,2048,4096,4096,1.0,hits_per_subheader_per_lane,2.0,0.0625,0.09521484375,0.28271484375,2.0,7.73828125,0,0.0,6.190625000000001,0.6,1004286,125193,879093,82880,47220,879093,0,921406,47220,mixed,0.8753412872428771,875341
scan128_b600_rho3000,RTL-LS-002,0,4,128,1,2048,4096,4096,1.0,hits_per_subheader_per_lane,3.0,0.09375,0.12646484375,0.40771484375,3.0,7.73828125,0,0.0,6.190625000000001,0.6,1005419,148384,857035,84020,67511,857035,0,921399,67511,mixed,0.8524157590019683,852416
scan128_b600_rho4000,RTL-LS-002,0,4,128,1,2048,4096,4096,1.0,hits_per_subheader_per_lane,4.0,0.125,0.15771484375,0.53271484375,4.0,7.73828125,0,0.0,6.190625000000001,0.6,1002679,150169,852510,78565,76599,852510,0,924114,76599,mixed,0.8502322278615588,850232
scan128_b600_rho6000,RTL-LS-002,0,4,128,1,2048,4096,4096,1.0,hits_per_subheader_per_lane,6.0,0.1875,0.22021484375,0.78271484375,6.0,7.73828125,0,0.0,6.190625000000001,0.6,996560,138478,858082,72841,67832,858082,0,923719,67832,mixed,0.8610439913301758,861044
scan128_b600_rho8000,RTL-LS-002,0,4,128,1,2048,4096,4096,1.0,hits_per_subheader_per_lane,8.0,0.25,0.28271484375,1.03271484375,8.0,7.73828125,1,0.03271484375,6.190625000000001,0.6,1008750,94693,914057,67936,27615,914057,0,940814,27615,mixed,0.9061283767038414,906128
scan128_b700_rho0100,RTL-LS-002,0,4,128,1,2048,4096,4096,1.0,hits_per_subheader_per_lane,0.1,0.003125,0.03583984375,0.04521484375,0.1,7.73828125,0,0.0,6.190625000000001,0.7,993938,110054,883884,100604,9978,883884,0,893334,9978,mixed,0.889274783739026,889275
scan128_b700_rho0200,RTL-LS-002,0,4,128,1,2048,4096,4096,1.0,hits_per_subheader_per_lane,0.2,0.00625,0.03896484375,0.05771484375,0.2,7.73828125,0,0.0,6.190625000000001,0.7,998001,114194,883807,102988,12077,883807,0,895013,12077,mixed,0.8855772689606524,885577
scan128_b700_rho0300,RTL-LS-002,0,4,128,1,2048,4096,4096,1.0,hits_per_subheader_per_lane,0.3,0.009375,0.04208984375,0.07021484375,0.3,7.73828125,0,0.0,6.190625000000001,0.7,989662,127675,861987,112224,16237,861987,0,877438,16237,mixed,0.8709913081435884,870991
scan128_b700_rho0400,RTL-LS-002,0,4,128,1,2048,4096,4096,1.0,hits_per_subheader_per_lane,0.4,0.0125,0.04521484375,0.08271484375,0.4,7.73828125,0,0.0,6.190625000000001,0.7,1001364,127658,873706,110292,19191,873706,0,891072,19191,mixed,0.8725158883283202,872516
scan128_b700_rho0500,RTL-LS-002,0,4,128,1,2048,4096,4096,1.0,hits_per_subheader_per_lane,0.5,0.015625,0.04833984375,0.09521484375,0.5,7.73828125,0,0.0,6.190625000000001,0.7,1005023,146173,858850,128162,20006,858850,0,876861,20006,mixed,0.8545575573892339,854558
scan128_b700_rho0600,RTL-LS-002,0,4,128,1,2048,4096,4096,1.0,hits_per_subheader_per_lane,0.6,0.01875,0.05146484375,0.10771484375,0.6,7.73828125,0,0.0,6.190625000000001,0.7,994277,137710,856567,111597,28037,856567,0,882680,28037,mixed,0.8614973493302168,861497
scan128_b700_rho0750,RTL-LS-002,0,4,128,1,2048,4096,4096,1.0,hits_per_subheader_per_lane,0.75,0.0234375,0.05615234375,0.12646484375,0.75,7.73828125,0,0.0,6.190625000000001,0.7,1001041,132335,868706,110170,23614,868706,0,890871,23614,mixed,0.8678026174752083,867803
scan128_b700_rho0900,RTL-LS-002,0,4,128,1,2048,4096,4096,1.0,hits_per_subheader_per_lane,0.9,0.028125,0.06083984375,0.14521484375,0.9,7.73828125,0,0.0,6.190625000000001,0.7,1004838,129105,875733,106224,26093,875733,0,898614,26093,mixed,0.8715166026762523,871517
scan128_b700_rho1000,RTL-LS-002,0,4,128,1,2048,4096,4096,1.0,hits_per_subheader_per_lane,1.0,0.03125,0.06396484375,0.15771484375,1.0,7.73828125,0,0.0,6.190625000000001,0.7,996614,136266,860348,106573,31235,860348,0,890041,31235,mixed,0.8632710357269715,863271
scan128_b700_rho1200,RTL-LS-002,0,4,128,1,2048,4096,4096,1.0,hits_per_subheader_per_lane,1.2,0.0375,0.07021484375,0.18271484375,1.2,7.73828125,0,0.0,6.190625000000001,0.7,992357,131716,860641,104675,29162,860641,0,887682,29162,mixed,0.8672695411026475,867270
scan128_b700_rho1500,RTL-LS-002,0,4,128,1,2048,4096,4096,1.0,hits_per_subheader_per_lane,1.5,0.046875,0.07958984375,0.22021484375,1.5,7.73828125,0,0.0,6.190625000000001,0.7,992992,140556,852436,104468,38050,852436,0,888524,38050,mixed,0.8584520318391287,858452
scan128_b700_rho2000,RTL-LS-002,0,4,128,1,2048,4096,4096,1.0,hits_per_subheader_per_lane,2.0,0.0625,0.09521484375,0.28271484375,2.0,7.73828125,0,0.0,6.190625000000001,0.7,998244,130648,867596,94792,40003,867596,0,903452,40003,mixed,0.869122178545526,869122
scan128_b700_rho3000,RTL-LS-002,0,4,128,1,2048,4096,4096,1.0,hits_per_subheader_per_lane,3.0,0.09375,0.12646484375,0.40771484375,3.0,7.73828125,0,0.0,6.190625000000001,0.7,996749,131188,865561,83321,51934,865561,0,913428,51934,mixed,0.8683841167635985,868384
scan128_b700_rho4000,RTL-LS-002,0,4,128,1,2048,4096,4096,1.0,hits_per_subheader_per_lane,4.0,0.125,0.15771484375,0.53271484375,4.0,7.73828125,0,0.0,6.190625000000001,0.7,1002735,158830,843905,85298,77206,843905,0,917437,77206,mixed,0.8416032152064105,841603
scan128_b700_rho6000,RTL-LS-002,0,4,128,1,2048,4096,4096,1.0,hits_per_subheader_per_lane,6.0,0.1875,0.22021484375,0.78271484375,6.0,7.73828125,0,0.0,6.190625000000001,0.7,1001060,159206,841854,72558,91311,841854,0,928502,91311,mixed,0.8409625796655545,840963
scan128_b700_rho8000,RTL-LS-002,0,4,128,1,2048,4096,4096,1.0,hits_per_subheader_per_lane,8.0,0.25,0.28271484375,1.03271484375,8.0,7.73828125,1,0.03271484375,6.190625000000001,0.7,1002183,128291,873892,66700,63719,873892,0,935483,63719,mixed,0.8719884492153629,871988
