n_shd,skew_frames,skew_timestamp_ticks,skew_ns,aligned_poisson_mean,offered_poisson_mean,opq_effective_capacity,old_tree_depth,old_effective_capacity,opq_loss_rate,old_time_merger_loss_rate,loss_ratio_clipped,log10_opq_loss_rate,log10_old_time_merger_loss_rate,log10_loss_ratio_clipped
64,0.0,0.0,0.0,0.0,0.0,256,2,32,0.0,0.0,1.0,-12.0,-12.0,0.0
64,0.016666666666666666,17.066666666666666,136.53333333333333,2.9440000000000004,3.9253333333333336,256,2,32,0.0,5.522803043916868e-24,1.0,-12.0,-12.0,0.0
64,0.03333333333333333,34.13333333333333,273.06666666666666,5.888000000000001,7.850666666666667,256,2,32,0.0,1.5199007294366241e-15,1.0,-12.0,-12.0,0.0
64,0.05,51.2,409.6,8.832,11.776000000000002,256,2,32,8.268224440732547e-272,4.280744080961261e-11,42.80744080961261,-12.0,-10.368480735152978,1.6315192648470207
64,0.06666666666666667,68.26666666666667,546.1333333333333,11.776000000000002,15.701333333333334,256,2,32,4.3001584917878e-241,2.843568929678575e-08,28435.689296785753,-12.0,-7.546136239746538,4.453863760253462
64,0.08333333333333333,85.33333333333333,682.6666666666666,14.72,19.626666666666665,256,2,32,1.4939150084776437e-217,2.4579634045361154e-06,1000000.0,-12.0,-5.609424587408206,6.0
64,0.1,102.4,819.2,17.664,23.552000000000003,256,2,32,1.5022020237477619e-198,5.9350376414476404e-05,1000000.0,-12.0,-4.226576522299759,6.0
64,0.11666666666666667,119.46666666666667,955.7333333333333,20.608,27.477333333333334,256,2,32,1.11490618536084e-182,0.000603776372890271,1000000.0,-12.0,-3.2191238858875257,6.0
64,0.13333333333333333,136.53333333333333,1092.2666666666667,23.552000000000003,31.40266666666667,256,2,32,4.221240287267018e-169,0.0033194576510505404,1000000.0,-12.0,-2.4789328676202795,6.0
64,0.15,153.6,1228.8,26.496000000000002,35.328,256,2,32,2.8371601913581747e-157,0.01162566831591667,1000000.0,-12.0,-1.9345820717651443,6.0
64,0.16666666666666666,170.66666666666666,1365.3333333333333,29.44,39.25333333333333,256,2,32,7.931175074010144e-147,0.029129091541600968,1000000.0,-12.0,-1.5356730596435986,6.0
64,0.18333333333333332,187.73333333333332,1501.8666666666666,32.384,43.178666666666665,256,2,32,1.692554108725825e-137,0.05690497964315859,1000000.0,-12.0,-1.2448497276836803,6.0
64,0.2,204.8,1638.4,35.328,47.104000000000006,256,2,32,4.317545292168931e-129,0.09256071440661189,1000000.0,-12.0,-1.0335733020505589,6.0
64,0.21666666666666667,221.86666666666667,1774.9333333333334,38.272000000000006,51.02933333333334,256,2,32,1.850579400049326e-121,0.13186768378858418,1000000.0,-12.0,-0.8798616219810782,6.0
64,0.23333333333333334,238.93333333333334,1911.4666666666667,41.216,54.95466666666667,256,2,32,1.736644928305058e-114,0.17099506735800218,1000000.0,-12.0,-0.7670164173862002,6.0
64,0.25,256.0,2048.0,44.160000000000004,58.88,256,2,32,4.4012634151713615e-108,0.20761647421778714,1000000.0,-12.0,-0.682738188501747,6.0
64,0.26666666666666666,273.06666666666666,2184.5333333333333,47.104000000000006,62.80533333333334,256,2,32,3.5675717681031362e-102,0.2408204069404627,1000000.0,-12.0,-0.6183067140665431,6.0
64,0.2833333333333333,290.1333333333333,2321.0666666666666,50.048,66.73066666666666,256,2,32,1.062156411719359e-96,0.270552249776908,1000000.0,-12.0,-0.5677488503411416,6.0
64,0.3,307.2,2457.6,52.992000000000004,70.656,256,2,32,1.302576430964864e-91,0.29712497253090137,1000000.0,-12.0,-0.5270608454141327,6.0
64,0.31666666666666665,324.26666666666665,2594.133333333333,55.936,74.58133333333333,256,2,32,7.242952614154757e-87,0.3209438076532175,1000000.0,-12.0,-0.49357099925367565,6.0
64,0.3333333333333333,341.3333333333333,2730.6666666666665,58.88,78.50666666666666,256,2,32,1.9806333179781305e-82,0.3423925464452477,1000000.0,-12.0,-0.46547569806302935,6.0
64,0.35,358.4,2867.2,61.824,82.432,256,2,32,2.854832650053725e-78,0.3618015013275186,1000000.0,-12.0,-0.4415296353288749,6.0
64,0.36666666666666664,375.46666666666664,3003.733333333333,64.768,86.35733333333333,256,2,32,2.302255234172223e-74,0.37944669132018377,1000000.0,-12.0,-0.42084922975980743,6.0
64,0.3833333333333333,392.5333333333333,3140.2666666666664,67.712,90.28266666666666,256,2,32,1.0938926587798308e-70,0.3955576654717978,1000000.0,-12.0,-0.402790194920709,6.0
64,0.4,409.6,3276.8,70.656,94.20800000000001,256,2,32,3.203534618303693e-67,0.4103260886464895,1000000.0,-12.0,-0.3868708695916643,6.0
64,0.4166666666666667,426.6666666666667,3413.3333333333335,73.60000000000001,98.13333333333334,256,2,32,6.015947507184611e-64,0.423913043764853,1000000.0,-12.0,-0.37272322002544545,6.0
64,0.43333333333333335,443.73333333333335,3549.866666666667,76.54400000000001,102.05866666666668,256,2,32,7.501756028750436e-61,0.4364548495448933,1000000.0,-12.0,-0.36006067660379487,6.0
64,0.45,460.8,3686.4,79.48800000000001,105.98400000000001,256,2,32,6.406988028446757e-58,0.4480676328575118,1000000.0,-12.0,-0.3486564271627875,6.0
64,0.4666666666666667,477.8666666666667,3822.9333333333334,82.432,109.90933333333334,256,2,32,3.8526368755648405e-55,0.45885093167811225,1000000.0,-12.0,-0.33832838214150285,6.0
64,0.48333333333333334,494.93333333333334,3959.4666666666667,85.376,113.83466666666668,256,2,32,1.671844488405686e-52,0.46889055472279745,1000000.0,-12.0,-0.3289285155509444,6.0
64,0.5,512.0,4096.0,88.32000000000001,117.76,256,2,32,5.353011665145593e-50,0.4782608695652398,1000000.0,-12.0,-0.3203351508593475,6.0
64,0.5166666666666666,529.0666666666666,4232.533333333333,91.264,121.68533333333332,256,2,32,1.2901771513542577e-47,0.4870266479663426,1000000.0,-12.0,-0.3124472754422095,6.0
64,0.5333333333333333,546.1333333333333,4369.066666666667,94.20800000000001,125.61066666666667,256,2,32,2.3834577521789354e-45,0.49524456521739174,1000000.0,-12.0,-0.30518028168350503,6.0
64,0.55,563.2,4505.6,97.15200000000002,129.53600000000003,256,2,32,3.4308854495242995e-43,0.5029644268774703,1000000.0,-12.0,-0.2984627301670216,6.0
64,0.5666666666666667,580.2666666666667,4642.133333333333,100.096,133.46133333333333,256,2,32,3.906083373793842e-41,0.5102301790281331,1000000.0,-12.0,-0.2922338573730997,6.0
64,0.5833333333333334,597.3333333333334,4778.666666666667,103.04000000000002,137.38666666666668,256,2,32,3.565705419449749e-39,0.517080745341615,1000000.0,-12.0,-0.2864416338534922,6.0
64,0.6,614.4,4915.2,105.98400000000001,141.312,256,2,32,2.6427134832160797e-37,0.5235507246376812,1000000.0,-12.0,-0.28104123497265104,6.0
64,0.6166666666666667,631.4666666666667,5051.733333333334,108.92800000000001,145.23733333333334,256,2,32,1.6085781445659412e-35,0.5296709753231493,1000000.0,-12.0,-0.2759938246901482,6.0
64,0.6333333333333333,648.5333333333333,5188.266666666666,111.872,149.16266666666667,256,2,32,8.126637658247162e-34,0.5354691075514875,1000000.0,-12.0,-0.2712655795602789,6.0
64,0.65,665.6,5324.8,114.81600000000002,153.08800000000002,256,2,32,3.4410364632910636e-32,0.5409698996655519,1000000.0,-12.0,-0.2668268989836916,6.0
64,0.6666666666666666,682.6666666666666,5461.333333333333,117.76,157.01333333333332,256,2,32,1.2322257825528784e-30,0.5461956521739131,1000000.0,-12.0,-0.26265176125302875,6.0
64,0.6833333333333333,699.7333333333333,5597.866666666667,120.70400000000001,160.93866666666668,256,2,32,3.763038500325526e-29,0.5511664899257689,1000000.0,-12.0,-0.25871719473382154,6.0
64,0.7,716.8,5734.4,123.648,164.864,256,2,32,9.876401437519178e-28,0.5559006211180124,1000000.0,-12.0,-0.2550028407159377,6.0
64,0.7166666666666667,733.8666666666667,5870.933333333333,126.59200000000001,168.78933333333333,256,2,32,2.243877425260983e-26,0.5604145601617797,1000000.0,-12.0,-0.25149058981065353,6.0
64,0.7333333333333333,750.9333333333333,6007.466666666666,129.536,172.71466666666666,256,2,32,4.442777429482342e-25,0.5647233201581028,1000000.0,-12.0,-0.24816427777247974,6.0
64,0.75,768.0,6144.0,132.48000000000002,176.64000000000001,256,2,32,7.714098699770503e-24,0.568840579710145,1000000.0,-12.0,-0.24500942965598388,6.0
64,0.7666666666666666,785.0666666666666,6280.533333333333,135.424,180.5653333333333,256,2,32,1.1815005629744273e-22,0.5727788279773158,1000000.0,-12.0,-0.24201304353288064,6.0
64,0.7833333333333333,802.1333333333333,6417.066666666667,138.36800000000002,184.49066666666667,256,2,32,1.605025093289769e-21,0.576549491211841,1000000.0,-12.0,-0.23916340677749925,6.0
64,0.8,819.2,6553.6,141.312,188.41600000000003,256,2,32,1.9438460775091653e-20,0.5801630434782609,1000000.0,-12.0,-0.23644993931247502,6.0
64,0.8166666666666667,836.2666666666667,6690.133333333333,144.256,192.34133333333332,256,2,32,2.1089749929619128e-19,0.5836291038154392,1000000.0,-12.0,-0.23386305928836598,6.0
64,0.8333333333333334,853.3333333333334,6826.666666666667,147.20000000000002,196.26666666666668,256,2,32,2.0591282061231587e-18,0.5869565217391305,1000000.0,-12.0,-0.2313940675225867,6.0
64,0.85,870.4,6963.2,150.144,200.192,256,2,32,1.8170055171835276e-17,0.590153452685422,1000000.0,-12.0,-0.2290350476979172,6.0
64,0.8666666666666667,887.4666666666667,7099.733333333334,153.08800000000002,204.11733333333336,256,2,32,1.4549338420097603e-16,0.5932274247491639,1000000.0,-12.0,-0.22677877985889922,6.0
64,0.8833333333333333,904.5333333333333,7236.266666666666,156.032,208.04266666666666,256,2,32,1.061208326476908e-15,0.5961853978671042,1000000.0,-12.0,-0.2246186651759165,6.0
64,0.9,921.6,7372.8,158.97600000000003,211.96800000000002,256,2,32,7.076121370795543e-15,0.5990338164251209,1000000.0,-12.0,-0.22254866029468262,6.0
64,0.9166666666666666,938.6666666666666,7509.333333333333,161.92000000000002,215.89333333333335,256,2,32,4.3282403108484047e-14,0.6017786561264823,1000000.0,-12.0,-0.22056321987090488,6.0
64,0.9333333333333333,955.7333333333333,7645.866666666667,164.864,219.81866666666667,256,2,32,2.436446530443968e-13,0.6044254658385093,1000000.0,-12.0,-0.21865724611965418,6.0
64,0.95,972.8,7782.4,167.808,223.744,256,2,32,1.2661036735508484e-12,0.6069794050343249,1000000.0,-11.89753073112151,-0.2168260443970436,6.0
64,0.9666666666666667,989.8666666666667,7918.933333333333,170.752,227.66933333333336,256,2,32,6.091450695868291e-12,0.6094452773613194,1000000.0,-11.215279266614585,-0.21506528398646196,6.0
64,0.9833333333333333,1006.9333333333333,8055.466666666666,173.696,231.59466666666665,256,2,32,2.720966304872619e-11,0.6118275607958733,1000000.0,-10.565276836279226,-0.21337096338931416,6.0
64,1.0,1024.0,8192.0,176.64000000000001,235.52,256,2,32,1.1314428968759e-10,0.6141304347826088,1000000.0,-9.946367359692013,-0.21173937952611668,6.0
64,1.0166666666666666,1041.0666666666666,8328.533333333333,179.584,239.44533333333334,256,2,32,4.390900960143462e-10,0.6163578047042053,1000000.0,-9.357446358602346,-0.21016710034196082,6.0
64,1.0333333333333332,1058.1333333333332,8465.066666666666,182.528,243.37066666666664,256,2,32,1.5942005689642807e-09,0.6185133239831697,1000000.0,-8.79745704020796,-0.208650940384027,6.0
64,1.05,1075.2,8601.6,185.47200000000004,247.29600000000002,256,2,32,5.427669153932138e-09,0.6206004140786751,1000000.0,-8.265386632825257,-0.20718793898062576,6.0
64,1.0666666666666667,1092.2666666666667,8738.133333333333,188.41600000000003,251.22133333333335,256,2,32,1.7367489958456826e-08,0.6226222826086957,1000000.0,-7.760262943554114,-0.20577534070324455,6.0
64,1.0833333333333333,1109.3333333333333,8874.666666666666,191.36,255.14666666666665,256,2,32,5.2341828441783604e-08,0.6245819397993312,1000000.0,-7.281151110349038,-0.2044105778369932,6.0
64,1.1,1126.4,9011.2,194.30400000000003,259.07200000000006,256,2,32,1.4888449649490745e-07,0.6264822134387351,1000000.0,-6.82715052345173,-0.20309125462204766,6.0
64,1.1166666666666667,1143.4666666666667,9147.733333333334,197.24800000000002,262.99733333333336,256,2,32,4.005051514797452e-07,0.6283257624918884,1000000.0,-6.397391893450309,-0.2018151330602989,6.0
64,1.1333333333333333,1160.5333333333333,9284.266666666666,200.192,266.92266666666666,256,2,32,1.0208585125086298e-06,0.6301150895140666,617240.37346335,-5.991034445469164,-0.20058012010836712,5.790454325360797
64,1.15,1177.6,9420.8,203.136,270.848,256,2,32,2.4702265136217082e-06,0.6318525519848771,255787.29258252928,-5.607263221191533,-0.19938425610116378,5.40787896509037
64,1.1666666666666667,1194.6666666666667,9557.333333333334,206.08000000000004,274.77333333333337,256,2,32,5.684778233236411e-06,0.6335403726708075,111445.04617027525,-5.245286472745863,-0.19822570426993208,5.047060768475931
64,1.1833333333333333,1211.7333333333333,9693.866666666667,209.02400000000003,278.69866666666667,256,2,32,1.2464270485188654e-05,0.6351806491120638,50960.1143417781,-4.904333135012472,-0.19710274123565744,4.707230393776815
64,1.2,1228.8,9830.4,211.96800000000002,282.624,256,2,32,2.6082525110153326e-05,0.6367753623188406,24413.869425202185,-4.583650365841963,-0.19601374837335614,4.387636617468607
64,1.2166666666666666,1245.8666666666666,9966.933333333332,214.912,286.5493333333333,256,2,32,5.21793725998223e-05,0.6383263847528291,12233.308929341227,-4.282501147122981,-0.19495720395537847,4.087543943167603
64,1.2333333333333334,1262.9333333333334,10103.466666666667,217.85600000000002,290.4746666666667,256,2,32,9.996271800669723e-05,0.6398354876615747,6400.741200521453,-4.000161943829477,-0.19393167599279404,3.8062302678366833
64,1.25,1280.0,10240.0,220.8,294.40000000000003,256,2,32,0.00018368748870612597,0.6413043478260869,3491.279413439438,-3.7359204232855503,-0.19293581570341112,3.542984607582139
64,1.2666666666666666,1297.0666666666666,10376.533333333333,223.744,298.32533333333333,256,2,32,0.00032428492256365295,0.6427345537757437,1982.005665556601,-3.489073243123599,-0.1919683515432365,3.2971048915803625
64,1.2833333333333332,1314.1333333333332,10513.066666666666,226.688,302.25066666666663,256,2,32,0.0005509041907148002,0.644127611518916,1169.2189356613135,-3.258923923946536,-0.19102808374537622,3.06789584020116
64,1.3,1331.2,10649.6,229.63200000000003,306.17600000000004,256,2,32,0.0009020262336870876,0.6454849498327759,715.594431432794,-3.04478083165998,-0.19011387931665588,2.854666952343324
64,1.3166666666666667,1348.2666666666667,10786.133333333333,232.57600000000002,310.10133333333334,256,2,32,0.0014257543167781452,0.6468079251513484,453.6601555680193,-2.845955304820823,-0.18922466744774408,2.656730637373079
64,1.3333333333333333,1365.3333333333333,10922.666666666666,235.52,314.02666666666664,256,2,32,0.002178913682460428,0.6480978260869567,297.4407987355998,-2.6617599739637696,-0.18835943529738483,2.4734005386663847
64,1.35,1382.4,11059.2,238.46400000000003,317.95200000000006,256,2,32,0.003224724875265629,0.6493558776167472,201.3678384154425,-2.491507332269303,-0.18751722411558105,2.3039901081537217
64,1.3666666666666667,1399.4666666666667,11195.733333333334,241.40800000000002,321.87733333333335,256,2,32,0.004629044659530713,0.6505832449628844,140.54373911113655,-2.33450862926381,-0.1866971256743053,2.1478115035895047
64,1.3833333333333333,1416.5333333333333,11332.266666666666,244.352,325.80266666666665,256,2,32,0.006455454580066225,0.6517810371922473,100.965939595467,-2.190073170180959,-0.185898278977606,2.004174891203353
64,1.4,1433.6,11468.8,247.296,329.728,256,2,32,0.008759753569810897,0.6529503105590062,74.53980358640408,-2.05750811127218,-0.1851198672258811,1.8723882440462987
64,1.4166666666666667,1450.6666666666667,11605.333333333334,250.24000000000004,333.65333333333336,256,2,32,0.011584603037199449,0.6540920716112533,56.462191195580104,-1.9361188433334369,-0.184361115011669,1.7517577283217678
64,1.4333333333333333,1467.7333333333333,11741.866666666667,253.18400000000003,337.57866666666666,256,2,32,0.01495512167413441,0.6552072800808899,43.81156465039678,-1.825210049219744,-0.18362128572658598,1.641588763493158
64,1.45,1484.8,11878.4,256.128,341.504,256,2,32,0.01887610987594834,0.6562968515742128,34.768649678737916,-1.7240875033369727,-0.18289967916106528,1.5411878241759074
64,1.4666666666666666,1501.8666666666666,12014.933333333332,259.072,345.4293333333333,256,2,32,0.023331322146653097,0.6573616600790514,28.175071088860285,-1.6320606497735042,-0.18219562928035385,1.4498650204931502
64,1.4833333333333334,1518.9333333333334,12151.466666666667,262.016,349.3546666666667,256,2,32,0.02828486107882525,0.6584025403028823,23.277559626968745,-1.5484459499569032,-0.18150850216183181,1.3669374477950715
64,1.5,1536.0,12288.0,264.96000000000004,353.28000000000003,256,2,32,0.03368441956443248,0.6594202898550725,19.57641836736166,-1.4725709318243183,-0.18083769408014289,1.2917332377441755
64,1.5166666666666666,1553.0666666666666,12424.533333333333,267.904,357.20533333333333,256,2,32,0.039465825855683416,0.6604156712852365,16.73386168834298,-1.4037788047852988,-0.18018262972791263,1.2235961750573863
64,1.5333333333333332,1570.1333333333332,12561.066666666666,270.848,361.1306666666666,256,2,32,0.04555820077787778,0.6613894139886579,14.51746124069536,-1.34143343577092,-0.17954276056096694,1.161890675209953
64,1.55,1587.2,12697.6,273.79200000000003,365.05600000000004,256,2,32,0.051889033130568946,0.6623422159887798,12.76458966429613,-1.284924421615166,-0.17891756325799432,1.1060068583571718
64,1.5666666666666667,1604.2666666666667,12834.133333333333,276.73600000000005,368.98133333333334,256,2,32,0.05838859792989811,0.6632747456059206,11.359662145034795,-1.2336719532230962,-0.17830653828551013,1.055365414937586
64,1.5833333333333333,1621.3333333333333,12970.666666666666,279.68,372.90666666666664,256,2,32,0.06499333800703228,0.6641876430205951,10.21931883155055,-1.1871311574350387,-0.17770920855981032,1.0094219488752285
64,1.6,1638.4,13107.2,282.624,376.83200000000005,256,2,32,0.07164804932917632,0.6650815217391304,9.282618689079897,-1.144795629092275,-0.17712511819834226,0.9676705108939327
64,1.6166666666666667,1655.4666666666667,13243.733333333334,285.56800000000004,380.75733333333335,256,2,32,0.07830690727356662,0.665956969968624,8.504447348968732,-1.1061999281273855,-0.1765538313535906,0.929646096773795
64,1.6333333333333333,1672.5333333333333,13380.266666666666,288.512,384.68266666666665,256,2,32,0.08493351404242769,0.6668145519077197,7.851018051303272,-1.070920907027162,-0.17599493112317954,0.8949259759039823
64,1.65,1689.6,13516.8,291.456,388.608,256,2,32,0.09150022472216171,0.6676548089591569,7.296755947720074,-1.0385778393163392,-0.17544801853043399,0.8631298207859053
64,1.6666666666666667,1706.6666666666667,13653.333333333334,294.40000000000003,392.53333333333336,256,2,32,0.09798702599683855,0.6684782608695653,6.822109907602799,-1.0088314233992004,-0.1749127115701385,0.8339187118290621
64,1.6833333333333333,1723.7333333333333,13789.866666666667,297.34400000000005,396.4586666666667,256,2,32,0.10438021265509659,0.6692854068015498,6.4119950494167774,-0.9813818226861445,-0.17438864431467452,0.80699317837147
64,1.7,1740.8,13926.4,300.288,400.384,256,2,32,0.11067105211396719,0.670076726342711,6.054670246133354,-0.9559659613364623,-0.17387546607612137,0.7820904952603409
64,1.7166666666666666,1757.8666666666666,14062.933333333332,303.232,404.3093333333333,256,2,32,0.11685456403545837,0.6708526804558886,5.740919800550751,-0.9323543205271608,-0.17337284062027042,0.7589814799068904
64,1.7333333333333334,1774.9333333333334,14199.466666666667,306.17600000000004,408.2346666666667,256,2,32,0.12292848382937129,0.671613712374582,5.463450710958117,-0.9103474748300963,-0.1728804454288363,0.7374670294012599
64,1.75,1792.0,14336.0,309.12,412.16,256,2,32,0.12889243283757645,0.672360248447205,5.2164447023393405,-0.8897725789487885,-0.17239797100644663,0.7173746079423419
64,1.7666666666666666,1809.0666666666666,14472.533333333333,312.064,416.0853333333333,256,2,32,0.13474728668904024,0.6730926989335522,4.995222653253609,-0.8704799711344815,-0.17192512022926987,0.6985548509052117
64,1.7833333333333332,1826.1333333333332,14609.066666666666,315.008,420.0106666666667,256,2,32,0.1404947156011192,0.673811458756603,4.795991478210696,-0.8523400104808513,-0.17146160773238858,0.6808784027484627
64,1.8,1843.2,14745.6,317.95200000000006,423.93600000000004,256,2,32,0.14613686331622575,0.6745169082125605,4.615652018977392,-0.835240218593882,-0.1710071593332522,0.6642330592606297
64,1.8166666666666667,1860.2666666666667,14882.133333333333,320.896,427.86133333333333,256,2,32,0.15167613141982364,0.675209413641803,4.451652394620312,-0.8190827567758479,-0.17056151148875442,0.6485212452870935
64,1.8333333333333333,1877.3333333333333,15018.666666666666,323.84000000000003,431.7866666666667,256,2,32,0.15711503985219605,0.6758893280632411,4.301875420068475,-0.8037822400893556,-0.17012441078366408,0.6336578293056916
64,1.8499999999999999,1894.3999999999999,15155.199999999999,326.784,435.712,256,2,32,0.16245614013074447,0.6765569917743831,4.164551682872011,-0.7892638695790385,-0.16969561344831913,0.6195682561307194
64,1.8666666666666667,1911.4666666666667,15291.733333333334,329.728,439.63733333333334,256,2,32,0.16770196360394826,0.6772127329192547,4.038192030467739,-0.7754618522575589,-0.16927488490364484,0.6061869673539141
64,1.8833333333333333,1928.5333333333333,15428.266666666666,332.672,443.5626666666667,256,2,32,0.1728549921347519,0.677856868026164,3.921534805877806,-0.7623180733083368,-0.1688619993317067,0.5934560739766301
64,1.9,1945.6,15564.8,335.616,447.488,256,2,32,0.17791764264220755,0.6784897025171625,3.813504340778646,-0.7497809843373775,-0.16845673927014043,0.5813242450672371
64,1.9166666666666667,1962.6666666666667,15701.333333333334,338.56000000000006,451.41333333333336,256,2,32,0.18289225991027044,0.6791115311909264,3.7131780837751593,-0.7378046736891801,-0.16805889522892242,0.5697457784602576
64,1.9333333333333333,1979.7333333333333,15837.866666666667,341.504,455.3386666666667,256,2,32,0.18778111415272097,0.6797226386806596,3.6197603882989333,-0.7263480884900323,-0.16766826532805823,0.5586798231619741
64,1.95,1996.8,15974.4,344.44800000000004,459.264,256,2,32,0.19258640120602064,0.6803232998885174,3.5325614665842204,-0.7153743822669989,-0.16728465495486583,0.548089727312133
64,1.9666666666666666,2013.8666666666666,16110.933333333332,347.392,463.1893333333333,256,2,32,0.19731024410268067,0.6809137803979366,3.4509803760801576,-0.7048503661326436,-0.16690787643963037,0.5379424896930132
64,1.9833333333333334,2030.9333333333334,16247.466666666667,350.336,467.1146666666667,256,2,32,0.2019546953174994,0.6814943368651808,3.374491173843628,-0.6947460453076789,-0.16653774874848765,0.5282082965591912
64,2.0,2048.0,16384.0,353.28000000000003,471.04,256,2,32,0.20652173929828632,0.6820652173913044,3.3026315762631393,-0.6850342260397514,-0.16617409719247944,0.518860128847272
128,0.0,0.0,0.0,0.0,0.0,256,2,32,0.0,0.0,1.0,-12.0,-12.0,0.0
128,0.016666666666666666,34.13333333333333,273.06666666666666,5.888000000000001,7.850666666666667,256,2,32,0.0,1.5199007294366241e-15,1.0,-12.0,-12.0,0.0
128,0.03333333333333333,68.26666666666667,546.1333333333333,11.776000000000002,15.701333333333334,256,2,32,4.3001584917878e-241,2.843568929678575e-08,28435.689296785753,-12.0,-7.546136239746538,4.453863760253462
128,0.05,102.4,819.2,17.664,23.552000000000003,256,2,32,1.5022020237477619e-198,5.9350376414476404e-05,1000000.0,-12.0,-4.226576522299759,6.0
128,0.06666666666666667,136.53333333333333,1092.2666666666667,23.552000000000003,31.40266666666667,256,2,32,4.221240287267018e-169,0.0033194576510505404,1000000.0,-12.0,-2.4789328676202795,6.0
128,0.08333333333333333,170.66666666666666,1365.3333333333333,29.44,39.25333333333333,256,2,32,7.931175074010144e-147,0.029129091541600968,1000000.0,-12.0,-1.5356730596435986,6.0
128,0.1,204.8,1638.4,35.328,47.104000000000006,256,2,32,4.317545292168931e-129,0.09256071440661189,1000000.0,-12.0,-1.0335733020505589,6.0
128,0.11666666666666667,238.93333333333334,1911.4666666666667,41.216,54.95466666666667,256,2,32,1.736644928305058e-114,0.17099506735800218,1000000.0,-12.0,-0.7670164173862002,6.0
128,0.13333333333333333,273.06666666666666,2184.5333333333333,47.104000000000006,62.80533333333334,256,2,32,3.5675717681031362e-102,0.2408204069404627,1000000.0,-12.0,-0.6183067140665431,6.0
128,0.15,307.2,2457.6,52.992000000000004,70.656,256,2,32,1.302576430964864e-91,0.29712497253090137,1000000.0,-12.0,-0.5270608454141327,6.0
128,0.16666666666666666,341.3333333333333,2730.6666666666665,58.88,78.50666666666666,256,2,32,1.9806333179781305e-82,0.3423925464452477,1000000.0,-12.0,-0.46547569806302935,6.0
128,0.18333333333333332,375.46666666666664,3003.733333333333,64.768,86.35733333333333,256,2,32,2.302255234172223e-74,0.37944669132018377,1000000.0,-12.0,-0.42084922975980743,6.0
128,0.2,409.6,3276.8,70.656,94.20800000000001,256,2,32,3.203534618303693e-67,0.4103260886464895,1000000.0,-12.0,-0.3868708695916643,6.0
128,0.21666666666666667,443.73333333333335,3549.866666666667,76.54400000000001,102.05866666666668,256,2,32,7.501756028750436e-61,0.4364548495448933,1000000.0,-12.0,-0.36006067660379487,6.0
128,0.23333333333333334,477.8666666666667,3822.9333333333334,82.432,109.90933333333334,256,2,32,3.8526368755648405e-55,0.45885093167811225,1000000.0,-12.0,-0.33832838214150285,6.0
128,0.25,512.0,4096.0,88.32000000000001,117.76,256,2,32,5.353011665145593e-50,0.4782608695652398,1000000.0,-12.0,-0.3203351508593475,6.0
128,0.26666666666666666,546.1333333333333,4369.066666666667,94.20800000000001,125.61066666666667,256,2,32,2.3834577521789354e-45,0.49524456521739174,1000000.0,-12.0,-0.30518028168350503,6.0
128,0.2833333333333333,580.2666666666667,4642.133333333333,100.096,133.46133333333333,256,2,32,3.906083373793842e-41,0.5102301790281331,1000000.0,-12.0,-0.2922338573730997,6.0
128,0.3,614.4,4915.2,105.98400000000001,141.312,256,2,32,2.6427134832160797e-37,0.5235507246376812,1000000.0,-12.0,-0.28104123497265104,6.0
128,0.31666666666666665,648.5333333333333,5188.266666666666,111.872,149.16266666666667,256,2,32,8.126637658247162e-34,0.5354691075514875,1000000.0,-12.0,-0.2712655795602789,6.0
128,0.3333333333333333,682.6666666666666,5461.333333333333,117.76,157.01333333333332,256,2,32,1.2322257825528784e-30,0.5461956521739131,1000000.0,-12.0,-0.26265176125302875,6.0
128,0.35,716.8,5734.4,123.648,164.864,256,2,32,9.876401437519178e-28,0.5559006211180124,1000000.0,-12.0,-0.2550028407159377,6.0
128,0.36666666666666664,750.9333333333333,6007.466666666666,129.536,172.71466666666666,256,2,32,4.442777429482342e-25,0.5647233201581028,1000000.0,-12.0,-0.24816427777247974,6.0
128,0.3833333333333333,785.0666666666666,6280.533333333333,135.424,180.5653333333333,256,2,32,1.1815005629744273e-22,0.5727788279773158,1000000.0,-12.0,-0.24201304353288064,6.0
128,0.4,819.2,6553.6,141.312,188.41600000000003,256,2,32,1.9438460775091653e-20,0.5801630434782609,1000000.0,-12.0,-0.23644993931247502,6.0
128,0.4166666666666667,853.3333333333334,6826.666666666667,147.20000000000002,196.26666666666668,256,2,32,2.0591282061231587e-18,0.5869565217391305,1000000.0,-12.0,-0.2313940675225867,6.0
128,0.43333333333333335,887.4666666666667,7099.733333333334,153.08800000000002,204.11733333333336,256,2,32,1.4549338420097603e-16,0.5932274247491639,1000000.0,-12.0,-0.22677877985889922,6.0
128,0.45,921.6,7372.8,158.97600000000003,211.96800000000002,256,2,32,7.076121370795543e-15,0.5990338164251209,1000000.0,-12.0,-0.22254866029468262,6.0
128,0.4666666666666667,955.7333333333333,7645.866666666667,164.864,219.81866666666667,256,2,32,2.436446530443968e-13,0.6044254658385093,1000000.0,-12.0,-0.21865724611965418,6.0
128,0.48333333333333334,989.8666666666667,7918.933333333333,170.752,227.66933333333336,256,2,32,6.091450695868291e-12,0.6094452773613194,1000000.0,-11.215279266614585,-0.21506528398646196,6.0
128,0.5,1024.0,8192.0,176.64000000000001,235.52,256,2,32,1.1314428968759e-10,0.6141304347826088,1000000.0,-9.946367359692013,-0.21173937952611668,6.0
128,0.5166666666666666,1058.1333333333332,8465.066666666666,182.528,243.37066666666664,256,2,32,1.5942005689642807e-09,0.6185133239831697,1000000.0,-8.79745704020796,-0.208650940384027,6.0
128,0.5333333333333333,1092.2666666666667,8738.133333333333,188.41600000000003,251.22133333333335,256,2,32,1.7367489958456826e-08,0.6226222826086957,1000000.0,-7.760262943554114,-0.20577534070324455,6.0
128,0.55,1126.4,9011.2,194.30400000000003,259.07200000000006,256,2,32,1.4888449649490745e-07,0.6264822134387351,1000000.0,-6.82715052345173,-0.20309125462204766,6.0
128,0.5666666666666667,1160.5333333333333,9284.266666666666,200.192,266.92266666666666,256,2,32,1.0208585125086298e-06,0.6301150895140666,617240.37346335,-5.991034445469164,-0.20058012010836712,5.790454325360797
128,0.5833333333333334,1194.6666666666667,9557.333333333334,206.08000000000004,274.77333333333337,256,2,32,5.684778233236411e-06,0.6335403726708075,111445.04617027525,-5.245286472745863,-0.19822570426993208,5.047060768475931
128,0.6,1228.8,9830.4,211.96800000000002,282.624,256,2,32,2.6082525110153326e-05,0.6367753623188406,24413.869425202185,-4.583650365841963,-0.19601374837335614,4.387636617468607
128,0.6166666666666667,1262.9333333333334,10103.466666666667,217.85600000000002,290.4746666666667,256,2,32,9.996271800669723e-05,0.6398354876615747,6400.741200521453,-4.000161943829477,-0.19393167599279404,3.8062302678366833
128,0.6333333333333333,1297.0666666666666,10376.533333333333,223.744,298.32533333333333,256,2,32,0.00032428492256365295,0.6427345537757437,1982.005665556601,-3.489073243123599,-0.1919683515432365,3.2971048915803625
128,0.65,1331.2,10649.6,229.63200000000003,306.17600000000004,256,2,32,0.0009020262336870876,0.6454849498327759,715.594431432794,-3.04478083165998,-0.19011387931665588,2.854666952343324
128,0.6666666666666666,1365.3333333333333,10922.666666666666,235.52,314.02666666666664,256,2,32,0.002178913682460428,0.6480978260869567,297.4407987355998,-2.6617599739637696,-0.18835943529738483,2.4734005386663847
128,0.6833333333333333,1399.4666666666667,11195.733333333334,241.40800000000002,321.87733333333335,256,2,32,0.004629044659530713,0.6505832449628844,140.54373911113655,-2.33450862926381,-0.1866971256743053,2.1478115035895047
128,0.7,1433.6,11468.8,247.296,329.728,256,2,32,0.008759753569810897,0.6529503105590062,74.53980358640408,-2.05750811127218,-0.1851198672258811,1.8723882440462987
128,0.7166666666666667,1467.7333333333333,11741.866666666667,253.18400000000003,337.57866666666666,256,2,32,0.01495512167413441,0.6552072800808899,43.81156465039678,-1.825210049219744,-0.18362128572658598,1.641588763493158
128,0.7333333333333333,1501.8666666666666,12014.933333333332,259.072,345.4293333333333,256,2,32,0.023331322146653097,0.6573616600790514,28.175071088860285,-1.6320606497735042,-0.18219562928035385,1.4498650204931502
128,0.75,1536.0,12288.0,264.96000000000004,353.28000000000003,256,2,32,0.03368441956443248,0.6594202898550725,19.57641836736166,-1.4725709318243183,-0.18083769408014289,1.2917332377441755
128,0.7666666666666666,1570.1333333333332,12561.066666666666,270.848,361.1306666666666,256,2,32,0.04555820077787778,0.6613894139886579,14.51746124069536,-1.34143343577092,-0.17954276056096694,1.161890675209953
128,0.7833333333333333,1604.2666666666667,12834.133333333333,276.73600000000005,368.98133333333334,256,2,32,0.05838859792989811,0.6632747456059206,11.359662145034795,-1.2336719532230962,-0.17830653828551013,1.055365414937586
128,0.8,1638.4,13107.2,282.624,376.83200000000005,256,2,32,0.07164804932917632,0.6650815217391304,9.282618689079897,-1.144795629092275,-0.17712511819834226,0.9676705108939327
128,0.8166666666666667,1672.5333333333333,13380.266666666666,288.512,384.68266666666665,256,2,32,0.08493351404242769,0.6668145519077197,7.851018051303272,-1.070920907027162,-0.17599493112317954,0.8949259759039823
128,0.8333333333333334,1706.6666666666667,13653.333333333334,294.40000000000003,392.53333333333336,256,2,32,0.09798702599683855,0.6684782608695653,6.822109907602799,-1.0088314233992004,-0.1749127115701385,0.8339187118290621
128,0.85,1740.8,13926.4,300.288,400.384,256,2,32,0.11067105211396719,0.670076726342711,6.054670246133354,-0.9559659613364623,-0.17387546607612137,0.7820904952603409
128,0.8666666666666667,1774.9333333333334,14199.466666666667,306.17600000000004,408.2346666666667,256,2,32,0.12292848382937129,0.671613712374582,5.463450710958117,-0.9103474748300963,-0.1728804454288363,0.7374670294012599
128,0.8833333333333333,1809.0666666666666,14472.533333333333,312.064,416.0853333333333,256,2,32,0.13474728668904024,0.6730926989335522,4.995222653253609,-0.8704799711344815,-0.17192512022926987,0.6985548509052117
128,0.9,1843.2,14745.6,317.95200000000006,423.93600000000004,256,2,32,0.14613686331622575,0.6745169082125605,4.615652018977392,-0.835240218593882,-0.1710071593332522,0.6642330592606297
128,0.9166666666666666,1877.3333333333333,15018.666666666666,323.84000000000003,431.7866666666667,256,2,32,0.15711503985219605,0.6758893280632411,4.301875420068475,-0.8037822400893556,-0.17012441078366408,0.6336578293056916
128,0.9333333333333333,1911.4666666666667,15291.733333333334,329.728,439.63733333333334,256,2,32,0.16770196360394826,0.6772127329192547,4.038192030467739,-0.7754618522575589,-0.16927488490364484,0.6061869673539141
128,0.95,1945.6,15564.8,335.616,447.488,256,2,32,0.17791764264220755,0.6784897025171625,3.813504340778646,-0.7497809843373775,-0.16845673927014043,0.5813242450672371
128,0.9666666666666667,1979.7333333333333,15837.866666666667,341.504,455.3386666666667,256,2,32,0.18778111415272097,0.6797226386806596,3.6197603882989333,-0.7263480884900323,-0.16766826532805823,0.5586798231619741
128,0.9833333333333333,2013.8666666666666,16110.933333333332,347.392,463.1893333333333,256,2,32,0.19731024410268067,0.6809137803979366,3.4509803760801576,-0.7048503661326436,-0.16690787643963037,0.5379424896930132
128,1.0,2048.0,16384.0,353.28000000000003,471.04,256,2,32,0.20652173929828632,0.6820652173913044,3.3026315762631393,-0.6850342260397514,-0.16617409719247944,0.518860128847272
128,1.0166666666666666,2082.133333333333,16657.066666666666,359.168,478.8906666666667,256,2,32,0.21543121884553731,0.6831789023521027,3.1712158804705886,-0.6666913614376605,-0.1654655538142785,0.501225807623382
128,1.0333333333333332,2116.2666666666664,16930.13333333333,365.056,486.7413333333333,256,2,32,0.22405329593728962,0.6842566619915849,3.0539906102657906,-0.6496486630124905,-0.16478096556256044,0.48486769744992997
128,1.05,2150.4,17203.2,370.9440000000001,494.59200000000004,256,2,32,0.2324016563153959,0.6853002070393376,2.9487750556704557,-0.6337607810748506,-0.16411913697579333,0.46964164409905723
128,1.0666666666666667,2184.5333333333333,17476.266666666666,376.83200000000005,502.4426666666667,256,2,32,0.24048913043488163,0.6863111413043479,2.853813559320859,-0.6189045479755134,-0.16347895088679434,0.45542559708871905
128,1.0833333333333333,2218.6666666666665,17749.333333333332,382.72,510.2933333333333,256,2,32,0.24832775919733774,0.6872909698996656,2.7676767676766194,-0.6049747303351564,-0.1628593621123416,0.44211536822281483
128,1.1,2252.8,18022.4,388.60800000000006,518.1440000000001,256,2,32,0.25592885375494245,0.6882411067193676,2.689189189189171,-0.5918807484225255,-0.16225939174379803,0.4296213566787275
128,1.1166666666666667,2286.9333333333334,18295.466666666667,394.49600000000004,525.9946666666667,256,2,32,0.26330304996755377,0.6891628812459442,2.617375231053602,-0.5795441102201495,-0.16167812197296907,0.41786598824718035
128,1.1333333333333333,2321.0666666666666,18568.533333333333,400.384,533.8453333333333,256,2,32,0.270460358056266,0.6900575447570333,2.551418439716312,-0.5678963813487868,-0.16111469139552392,0.4067816899532629
128,1.15,2355.2,18841.6,406.272,541.696,256,2,32,0.27741020793950844,0.6909262759924385,2.490630323679728,-0.5568775621155337,-0.16056829074130652,0.3963092713742272
128,1.1666666666666667,2389.3333333333335,19114.666666666668,412.1600000000001,549.5466666666667,256,2,32,0.28416149068323,0.6917701863354038,2.4344262295081953,-0.5464347776293823,-0.16003815898691848,0.3863966186424639
128,1.1833333333333333,2423.4666666666667,19387.733333333334,418.04800000000006,557.3973333333333,256,2,32,0.2907225964482549,0.692590324556032,2.3823064770932065,-0.5365212113276128,-0.1595235798112128,0.3769976315164001
128,1.2,2457.6,19660.8,423.93600000000004,565.248,256,2,32,0.29710144927536236,0.6933876811594203,2.333841463414634,-0.5270952296815009,-0.15902387835890028,0.3680713513226007
128,1.2166666666666666,2491.733333333333,19933.866666666665,429.824,573.0986666666666,256,2,32,0.3033055390113163,0.6941631923764146,2.288659793814433,-0.518119658465847,-0.15853841828145326,0.35958124018439375
128,1.2333333333333334,2525.866666666667,20206.933333333334,435.71200000000005,580.9493333333334,256,2,32,0.30934195064629855,0.6949177438307874,2.2464387464387463,-0.5095611802270636,-0.1580665990279661,0.35149458119909754
128,1.25,2560.0,20480.0,441.6,588.8000000000001,256,2,32,0.31521739130434784,0.6956521739130435,2.206896551724138,-0.5013898294465992,-0.1576078533616681,0.3437819760849311
128,1.2666666666666666,2594.133333333333,20753.066666666666,447.488,596.6506666666667,256,2,32,0.3209382151029748,0.6963672768878718,2.1697860962566846,-0.4935785670422228,-0.15716164508045236,0.33641692196177053
128,1.2833333333333332,2628.2666666666664,21026.13333333333,453.376,604.5013333333333,256,2,32,0.3265104460756635,0.6970638057594579,2.1348897535667963,-0.4861029197474177,-0.15672746692212366,0.32937545282529407
128,1.3,2662.4,21299.2,459.26400000000007,612.3520000000001,256,2,32,0.33193979933110374,0.697742474916388,2.1020151133501255,-0.4789406728892769,-0.15630483863712652,0.32263583425215037
128,1.3166666666666667,2696.5333333333333,21572.266666666666,465.15200000000004,620.2026666666667,256,2,32,0.3372317006053936,0.6984039625756743,2.070991432068543,-0.4720716073839186,-0.15589330521332947,0.3161783021705891
128,1.3333333333333333,2730.6666666666665,21845.333333333332,471.04,628.0533333333333,256,2,32,0.34239130434782616,0.6990489130434784,2.0416666666666665,-0.4654772735559547,-0.15549243523904704,0.3099848383169076
128,1.35,2764.8,22118.4,476.92800000000005,635.9040000000001,256,2,32,0.34742351046698877,0.6996779388083736,2.0139049826187714,-0.4591407957893329,-0.1551018193918949,0.304038976397438
128,1.3666666666666667,2798.9333333333334,22391.466666666667,482.81600000000003,643.7546666666667,256,2,32,0.35233297985153766,0.7002916224814422,1.9875846501128667,-0.45304670312255874,-0.15472106904233263,0.2983256340802261
128,1.3833333333333333,2833.0666666666666,22664.533333333333,488.704,651.6053333333333,256,2,32,0.357124148768989,0.7008905185961236,1.9625962596259625,-0.44718078177999926,-0.15434981496186248,0.29283096681813675
128,1.4,2867.2,22937.6,494.592,659.456,256,2,32,0.36180124223602483,0.7014751552795031,1.9388412017167382,-0.44152994633379317,-0.15398770612684265,0.28754224020695046
128,1.4166666666666667,2901.3333333333335,23210.666666666668,500.4800000000001,667.3066666666667,256,2,32,0.36636828644501285,0.7020460358056266,1.9162303664921463,-0.43608212675643915,-0.15363440860975605,0.28244771814668307
128,1.4333333333333333,2935.4666666666667,23483.733333333334,506.36800000000005,675.1573333333333,256,2,32,0.37082912032355925,0.702603640040445,1.8946830265848666,-0.430826169081859,-0.15328960455056295,0.277536564531296
128,1.45,2969.6,23756.8,512.256,683.008,256,2,32,0.3751874062968515,0.7031484257871063,1.8741258741258744,-0.4257517477651928,-0.15295299120146574,0.2727987565637271
128,1.4666666666666666,3003.733333333333,24029.866666666665,518.144,690.8586666666666,256,2,32,0.37944664031620556,0.7036808300395258,1.8544921875,-0.42084928813624944,-0.15262428003904388,0.26822500809720556
128,1.4833333333333334,3037.866666666667,24302.933333333334,524.032,698.7093333333333,256,2,32,0.38361016121152913,0.7042012701514412,1.8357211079274114,-0.4161098975919632,-0.15230319593827904,0.26380670165368414
128,1.5,3072.0,24576.0,529.9200000000001,706.5600000000001,256,2,32,0.3876811594202899,0.7047101449275363,1.8177570093457942,-0.411525304380008,-0.15198947640349114,0.25953582797651686
128,1.5166666666666666,3106.133333333333,24849.066666666666,535.808,714.4106666666667,256,2,32,0.391662685140946,0.7052078356426182,1.8005489478499543,-0.40708780299728364,-0.15168287085166374,0.25540493214561993
128,1.5333333333333332,3140.2666666666664,25122.13333333333,541.696,722.2613333333333,256,2,32,0.39555765595463144,0.705694706994329,1.7840501792114696,-0.4027902053698881,-0.1513831399440385,0.2514070654258496
128,1.55,3174.4,25395.2,547.5840000000001,730.1120000000001,256,2,32,0.3993688639551193,0.7061711079943899,1.7682177348551358,-0.39862579710072754,-0.15109005496222877,0.24753574213849877
128,1.5666666666666667,3208.5333333333333,25668.266666666666,553.4720000000001,737.9626666666667,256,2,32,0.4030989824236819,0.7066373728029604,1.753012048192771,-0.3945882981712794,-0.1508033972254273,0.24378490094585215
128,1.5833333333333333,3242.6666666666665,25941.333333333332,559.36,745.8133333333333,256,2,32,0.4067505720823799,0.7070938215102975,1.7383966244725737,-0.39067182756861785,-0.15052295754558717,0.2401488700230307
128,1.6,3276.8,26214.4,565.248,753.6640000000001,256,2,32,0.41032608695652173,0.7075407608695652,1.724337748344371,-0.38687087138034826,-0.15024853571771538,0.23662233566263285
128,1.6166666666666667,3310.9333333333334,26487.466666666667,571.1360000000001,761.5146666666667,256,2,32,0.4138278798744958,0.707978484984312,1.7108042242079609,-0.3831802539608213,-0.14997994004266993,0.23320031391815135
128,1.6333333333333333,3345.0666666666666,26760.533333333333,577.024,769.3653333333333,256,2,32,0.41725820763087845,0.7084072759538599,1.6977671451355663,-0.37959511182369005,-0.14971698688006507,0.22987812494362492
128,1.65,3379.2,27033.6,582.912,777.216,256,2,32,0.4206192358366272,0.7088274044795785,1.6851996867658574,-0.3761108699600274,-0.14945950022909113,0.22665136973093625
128,1.6666666666666667,3413.3333333333335,27306.666666666668,588.8000000000001,785.0666666666667,256,2,32,0.4239130434782609,0.7092391304347826,1.673076923076923,-0.372723220319056,-0.1492073113352367,0.22351590898381932
128,1.6833333333333333,3447.4666666666667,27579.733333333334,594.6880000000001,792.9173333333334,256,2,32,0.42714162720619897,0.709642703400775,1.6613756613756612,-0.36942810222103434,-0.14896025832106358,0.22046784389997073
128,1.7,3481.6,27852.8,600.576,800.768,256,2,32,0.430306905370844,0.7100383631713555,1.650074294205052,-0.3662216844998524,-0.14871818583933644,0.2175034986605159
128,1.7166666666666666,3515.733333333333,28125.866666666665,606.464,808.6186666666666,256,2,32,0.43341072182355433,0.7104263402279444,1.6391526661796931,-0.36310034919707496,-0.14848094474694118,0.21461940445013378
128,1.7333333333333334,3549.866666666667,28398.933333333334,612.3520000000001,816.4693333333335,256,2,32,0.4364548494983278,0.710806856187291,1.6285919540229885,-0.36006067665012986,-0.14824839179815577,0.21181228485197406
128,1.75,3584.0,28672.0,618.24,824.32,256,2,32,0.43944099378881984,0.7111801242236024,1.6183745583038869,-0.3570994318355219,-0.14802038935594294,0.20907904247957895
128,1.7666666666666666,3618.133333333333,28945.066666666666,624.128,832.1706666666666,256,2,32,0.44237079573420846,0.7115463494667761,1.608484005563282,-0.3542135518437992,-0.14779680512004362,0.20641674672375554
128,1.7833333333333332,3652.2666666666664,29218.13333333333,630.016,840.0213333333334,256,2,32,0.44524583502641196,0.7119057293783014,1.5989048596851472,-0.3514001343768058,-0.1475775118707406,0.20382262250606512
128,1.8,3686.4,29491.2,635.9040000000001,847.8720000000001,256,2,32,0.44806763285024165,0.7122584541062803,1.5896226415094339,-0.34865642716983414,-0.147362387227247,0.20129403994258716
128,1.8166666666666667,3720.5333333333333,29764.266666666666,641.792,855.7226666666667,256,2,32,0.45083765456721187,0.7126047068209015,1.5806237558062375,-0.3459798182518846,-0.14715131341975776,0.19882850483212686
128,1.8333333333333333,3754.6666666666665,30037.333333333332,647.6800000000001,863.5733333333334,256,2,32,0.4535573122529645,0.7129446640316206,1.5718954248366013,-0.343367826966519,-0.14694417707426727,0.19642364989225175
128,1.8499999999999999,3788.7999999999997,30310.399999999998,653.568,871.424,256,2,32,0.4562279670975323,0.7132784958871915,1.563425627817128,-0.34081809568399174,-0.1467408690093303,0.19407722667466137
128,1.8666666666666667,3822.9333333333334,30583.466666666667,659.456,879.2746666666667,256,2,32,0.4588509316770186,0.7136063664596274,1.5552030456852792,-0.3383283821425379,-0.1465412840439965,0.19178709809854144
128,1.8833333333333333,3857.0666666666666,30856.533333333333,665.344,887.1253333333334,256,2,32,0.4614274721046557,0.7139284340130819,1.5472170106316445,-0.3358965523630778,-0.14634532081621074,0.18955123154686707
128,1.9,3891.2,31129.6,671.232,894.976,256,2,32,0.46395881006864986,0.7142448512585812,1.5394574599260171,-0.33352057408722824,-0.14615288161101772,0.1873676924762105
128,1.9166666666666667,3925.3333333333335,31402.666666666668,677.1200000000001,902.8266666666667,256,2,32,0.4664461247637052,0.7145557655954632,1.531914893617021,-0.3311985106935113,-0.14596387219796036,0.1852346384955509
128,1.9333333333333333,3959.4666666666667,31675.733333333334,683.008,910.6773333333334,256,2,32,0.4688905547226387,0.7148613193403298,1.5245803357314147,-0.32892851555109137,-0.14577820167710243,0.18315031387398895
128,1.95,3993.6,31948.8,688.8960000000001,918.528,256,2,32,0.4712931995540692,0.7151616499442587,1.5174452986398579,-0.3267088267743127,-0.14559578233314474,0.1811130444411679
128,1.9666666666666666,4027.733333333333,32221.866666666665,694.784,926.3786666666666,256,2,32,0.4736551215917465,0.7154568901989683,1.5105017502917153,-0.3245377623448389,-0.1454165294971462,0.17912123284769266
128,1.9833333333333334,4061.866666666667,32494.933333333334,700.672,934.2293333333334,256,2,32,0.4759773474607234,0.7157471684325903,1.5037420840529647,-0.322413715571325,-0.14524036141538732,0.17717335415593763
128,2.0,4096.0,32768.0,706.5600000000001,942.08,256,2,32,0.4782608695652174,0.7160326086956522,1.497159090909091,-0.3203351508593678,-0.14506719912495222,0.17526795173441564
256,0.0,0.0,0.0,0.0,0.0,256,2,32,0.0,0.0,1.0,-12.0,-12.0,0.0
256,0.016666666666666666,68.26666666666667,546.1333333333333,11.776000000000002,15.701333333333334,256,2,32,4.3001584917878e-241,2.843568929678575e-08,28435.689296785753,-12.0,-7.546136239746538,4.453863760253462
256,0.03333333333333333,136.53333333333333,1092.2666666666667,23.552000000000003,31.40266666666667,256,2,32,4.221240287267018e-169,0.0033194576510505404,1000000.0,-12.0,-2.4789328676202795,6.0
256,0.05,204.8,1638.4,35.328,47.104000000000006,256,2,32,4.317545292168931e-129,0.09256071440661189,1000000.0,-12.0,-1.0335733020505589,6.0
256,0.06666666666666667,273.06666666666666,2184.5333333333333,47.104000000000006,62.80533333333334,256,2,32,3.5675717681031362e-102,0.2408204069404627,1000000.0,-12.0,-0.6183067140665431,6.0
256,0.08333333333333333,341.3333333333333,2730.6666666666665,58.88,78.50666666666666,256,2,32,1.9806333179781305e-82,0.3423925464452477,1000000.0,-12.0,-0.46547569806302935,6.0
256,0.1,409.6,3276.8,70.656,94.20800000000001,256,2,32,3.203534618303693e-67,0.4103260886464895,1000000.0,-12.0,-0.3868708695916643,6.0
256,0.11666666666666667,477.8666666666667,3822.9333333333334,82.432,109.90933333333334,256,2,32,3.8526368755648405e-55,0.45885093167811225,1000000.0,-12.0,-0.33832838214150285,6.0
256,0.13333333333333333,546.1333333333333,4369.066666666667,94.20800000000001,125.61066666666667,256,2,32,2.3834577521789354e-45,0.49524456521739174,1000000.0,-12.0,-0.30518028168350503,6.0
256,0.15,614.4,4915.2,105.98400000000001,141.312,256,2,32,2.6427134832160797e-37,0.5235507246376812,1000000.0,-12.0,-0.28104123497265104,6.0
256,0.16666666666666666,682.6666666666666,5461.333333333333,117.76,157.01333333333332,256,2,32,1.2322257825528784e-30,0.5461956521739131,1000000.0,-12.0,-0.26265176125302875,6.0
256,0.18333333333333332,750.9333333333333,6007.466666666666,129.536,172.71466666666666,256,2,32,4.442777429482342e-25,0.5647233201581028,1000000.0,-12.0,-0.24816427777247974,6.0
256,0.2,819.2,6553.6,141.312,188.41600000000003,256,2,32,1.9438460775091653e-20,0.5801630434782609,1000000.0,-12.0,-0.23644993931247502,6.0
256,0.21666666666666667,887.4666666666667,7099.733333333334,153.08800000000002,204.11733333333336,256,2,32,1.4549338420097603e-16,0.5932274247491639,1000000.0,-12.0,-0.22677877985889922,6.0
256,0.23333333333333334,955.7333333333333,7645.866666666667,164.864,219.81866666666667,256,2,32,2.436446530443968e-13,0.6044254658385093,1000000.0,-12.0,-0.21865724611965418,6.0
256,0.25,1024.0,8192.0,176.64000000000001,235.52,256,2,32,1.1314428968759e-10,0.6141304347826088,1000000.0,-9.946367359692013,-0.21173937952611668,6.0
256,0.26666666666666666,1092.2666666666667,8738.133333333333,188.41600000000003,251.22133333333335,256,2,32,1.7367489958456826e-08,0.6226222826086957,1000000.0,-7.760262943554114,-0.20577534070324455,6.0
256,0.2833333333333333,1160.5333333333333,9284.266666666666,200.192,266.92266666666666,256,2,32,1.0208585125086298e-06,0.6301150895140666,617240.37346335,-5.991034445469164,-0.20058012010836712,5.790454325360797
256,0.3,1228.8,9830.4,211.96800000000002,282.624,256,2,32,2.6082525110153326e-05,0.6367753623188406,24413.869425202185,-4.583650365841963,-0.19601374837335614,4.387636617468607
256,0.31666666666666665,1297.0666666666666,10376.533333333333,223.744,298.32533333333333,256,2,32,0.00032428492256365295,0.6427345537757437,1982.005665556601,-3.489073243123599,-0.1919683515432365,3.2971048915803625
256,0.3333333333333333,1365.3333333333333,10922.666666666666,235.52,314.02666666666664,256,2,32,0.002178913682460428,0.6480978260869567,297.4407987355998,-2.6617599739637696,-0.18835943529738483,2.4734005386663847
256,0.35,1433.6,11468.8,247.296,329.728,256,2,32,0.008759753569810897,0.6529503105590062,74.53980358640408,-2.05750811127218,-0.1851198672258811,1.8723882440462987
256,0.36666666666666664,1501.8666666666666,12014.933333333332,259.072,345.4293333333333,256,2,32,0.023331322146653097,0.6573616600790514,28.175071088860285,-1.6320606497735042,-0.18219562928035385,1.4498650204931502
256,0.3833333333333333,1570.1333333333332,12561.066666666666,270.848,361.1306666666666,256,2,32,0.04555820077787778,0.6613894139886579,14.51746124069536,-1.34143343577092,-0.17954276056096694,1.161890675209953
256,0.4,1638.4,13107.2,282.624,376.83200000000005,256,2,32,0.07164804932917632,0.6650815217391304,9.282618689079897,-1.144795629092275,-0.17712511819834226,0.9676705108939327
256,0.4166666666666667,1706.6666666666667,13653.333333333334,294.40000000000003,392.53333333333336,256,2,32,0.09798702599683855,0.6684782608695653,6.822109907602799,-1.0088314233992004,-0.1749127115701385,0.8339187118290621
256,0.43333333333333335,1774.9333333333334,14199.466666666667,306.17600000000004,408.2346666666667,256,2,32,0.12292848382937129,0.671613712374582,5.463450710958117,-0.9103474748300963,-0.1728804454288363,0.7374670294012599
256,0.45,1843.2,14745.6,317.95200000000006,423.93600000000004,256,2,32,0.14613686331622575,0.6745169082125605,4.615652018977392,-0.835240218593882,-0.1710071593332522,0.6642330592606297
256,0.4666666666666667,1911.4666666666667,15291.733333333334,329.728,439.63733333333334,256,2,32,0.16770196360394826,0.6772127329192547,4.038192030467739,-0.7754618522575589,-0.16927488490364484,0.6061869673539141
256,0.48333333333333334,1979.7333333333333,15837.866666666667,341.504,455.3386666666667,256,2,32,0.18778111415272097,0.6797226386806596,3.6197603882989333,-0.7263480884900323,-0.16766826532805823,0.5586798231619741
256,0.5,2048.0,16384.0,353.28000000000003,471.04,256,2,32,0.20652173929828632,0.6820652173913044,3.3026315762631393,-0.6850342260397514,-0.16617409719247944,0.518860128847272
256,0.5166666666666666,2116.2666666666664,16930.13333333333,365.056,486.7413333333333,256,2,32,0.22405329593728962,0.6842566619915849,3.0539906102657906,-0.6496486630124905,-0.16478096556256044,0.48486769744992997
256,0.5333333333333333,2184.5333333333333,17476.266666666666,376.83200000000005,502.4426666666667,256,2,32,0.24048913043488163,0.6863111413043479,2.853813559320859,-0.6189045479755134,-0.16347895088679434,0.45542559708871905
256,0.55,2252.8,18022.4,388.60800000000006,518.1440000000001,256,2,32,0.25592885375494245,0.6882411067193676,2.689189189189171,-0.5918807484225255,-0.16225939174379803,0.4296213566787275
256,0.5666666666666667,2321.0666666666666,18568.533333333333,400.384,533.8453333333333,256,2,32,0.270460358056266,0.6900575447570333,2.551418439716312,-0.5678963813487868,-0.16111469139552392,0.4067816899532629
256,0.5833333333333334,2389.3333333333335,19114.666666666668,412.1600000000001,549.5466666666667,256,2,32,0.28416149068323,0.6917701863354038,2.4344262295081953,-0.5464347776293823,-0.16003815898691848,0.3863966186424639
256,0.6,2457.6,19660.8,423.93600000000004,565.248,256,2,32,0.29710144927536236,0.6933876811594203,2.333841463414634,-0.5270952296815009,-0.15902387835890028,0.3680713513226007
256,0.6166666666666667,2525.866666666667,20206.933333333334,435.71200000000005,580.9493333333334,256,2,32,0.30934195064629855,0.6949177438307874,2.2464387464387463,-0.5095611802270636,-0.1580665990279661,0.35149458119909754
256,0.6333333333333333,2594.133333333333,20753.066666666666,447.488,596.6506666666667,256,2,32,0.3209382151029748,0.6963672768878718,2.1697860962566846,-0.4935785670422228,-0.15716164508045236,0.33641692196177053
256,0.65,2662.4,21299.2,459.26400000000007,612.3520000000001,256,2,32,0.33193979933110374,0.697742474916388,2.1020151133501255,-0.4789406728892769,-0.15630483863712652,0.32263583425215037
256,0.6666666666666666,2730.6666666666665,21845.333333333332,471.04,628.0533333333333,256,2,32,0.34239130434782616,0.6990489130434784,2.0416666666666665,-0.4654772735559547,-0.15549243523904704,0.3099848383169076
256,0.6833333333333333,2798.9333333333334,22391.466666666667,482.81600000000003,643.7546666666667,256,2,32,0.35233297985153766,0.7002916224814422,1.9875846501128667,-0.45304670312255874,-0.15472106904233263,0.2983256340802261
256,0.7,2867.2,22937.6,494.592,659.456,256,2,32,0.36180124223602483,0.7014751552795031,1.9388412017167382,-0.44152994633379317,-0.15398770612684265,0.28754224020695046
256,0.7166666666666667,2935.4666666666667,23483.733333333334,506.36800000000005,675.1573333333333,256,2,32,0.37082912032355925,0.702603640040445,1.8946830265848666,-0.430826169081859,-0.15328960455056295,0.277536564531296
256,0.7333333333333333,3003.733333333333,24029.866666666665,518.144,690.8586666666666,256,2,32,0.37944664031620556,0.7036808300395258,1.8544921875,-0.42084928813624944,-0.15262428003904388,0.26822500809720556
256,0.75,3072.0,24576.0,529.9200000000001,706.5600000000001,256,2,32,0.3876811594202899,0.7047101449275363,1.8177570093457942,-0.411525304380008,-0.15198947640349114,0.25953582797651686
256,0.7666666666666666,3140.2666666666664,25122.13333333333,541.696,722.2613333333333,256,2,32,0.39555765595463144,0.705694706994329,1.7840501792114696,-0.4027902053698881,-0.1513831399440385,0.2514070654258496
256,0.7833333333333333,3208.5333333333333,25668.266666666666,553.4720000000001,737.9626666666667,256,2,32,0.4030989824236819,0.7066373728029604,1.753012048192771,-0.3945882981712794,-0.1508033972254273,0.24378490094585215
256,0.8,3276.8,26214.4,565.248,753.6640000000001,256,2,32,0.41032608695652173,0.7075407608695652,1.724337748344371,-0.38687087138034826,-0.15024853571771538,0.23662233566263285
256,0.8166666666666667,3345.0666666666666,26760.533333333333,577.024,769.3653333333333,256,2,32,0.41725820763087845,0.7084072759538599,1.6977671451355663,-0.37959511182369005,-0.14971698688006507,0.22987812494362492
256,0.8333333333333334,3413.3333333333335,27306.666666666668,588.8000000000001,785.0666666666667,256,2,32,0.4239130434782609,0.7092391304347826,1.673076923076923,-0.372723220319056,-0.1492073113352367,0.22351590898381932
256,0.85,3481.6,27852.8,600.576,800.768,256,2,32,0.430306905370844,0.7100383631713555,1.650074294205052,-0.3662216844998524,-0.14871818583933644,0.2175034986605159
256,0.8666666666666667,3549.866666666667,28398.933333333334,612.3520000000001,816.4693333333335,256,2,32,0.4364548494983278,0.710806856187291,1.6285919540229885,-0.36006067665012986,-0.14824839179815577,0.21181228485197406
256,0.8833333333333333,3618.133333333333,28945.066666666666,624.128,832.1706666666666,256,2,32,0.44237079573420846,0.7115463494667761,1.608484005563282,-0.3542135518437992,-0.14779680512004362,0.20641674672375554
256,0.9,3686.4,29491.2,635.9040000000001,847.8720000000001,256,2,32,0.44806763285024165,0.7122584541062803,1.5896226415094339,-0.34865642716983414,-0.147362387227247,0.20129403994258716
256,0.9166666666666666,3754.6666666666665,30037.333333333332,647.6800000000001,863.5733333333334,256,2,32,0.4535573122529645,0.7129446640316206,1.5718954248366013,-0.343367826966519,-0.14694417707426727,0.19642364989225175
256,0.9333333333333333,3822.9333333333334,30583.466666666667,659.456,879.2746666666667,256,2,32,0.4588509316770186,0.7136063664596274,1.5552030456852792,-0.3383283821425379,-0.1465412840439965,0.19178709809854144
256,0.95,3891.2,31129.6,671.232,894.976,256,2,32,0.46395881006864986,0.7142448512585812,1.5394574599260171,-0.33352057408722824,-0.14615288161101772,0.1873676924762105
256,0.9666666666666667,3959.4666666666667,31675.733333333334,683.008,910.6773333333334,256,2,32,0.4688905547226387,0.7148613193403298,1.5245803357314147,-0.32892851555109137,-0.14577820167710243,0.18315031387398895
256,0.9833333333333333,4027.733333333333,32221.866666666665,694.784,926.3786666666666,256,2,32,0.4736551215917465,0.7154568901989683,1.5105017502917153,-0.3245377623448389,-0.1454165294971462,0.17912123284769266
256,1.0,4096.0,32768.0,706.5600000000001,942.08,256,2,32,0.4782608695652174,0.7160326086956522,1.497159090909091,-0.3203351508593678,-0.14506719912495222,0.17526795173441564
256,1.0166666666666666,4164.266666666666,33314.13333333333,718.336,957.7813333333334,256,2,32,0.4827156094084106,0.7165894511760513,1.4844961240310077,-0.31630865732315405,-0.14472958931776148,0.17157906800539258
256,1.0333333333333332,4232.533333333333,33860.26666666666,730.112,973.4826666666665,256,2,32,0.48702664796633943,0.7171283309957924,1.472462203023758,-0.31244727544221235,-0.144403119846498,0.1680441555957143
256,1.05,4300.8,34406.4,741.8880000000001,989.1840000000001,256,2,32,0.49120082815735,0.7176501035196688,1.4610115911485773,-0.30874090965218176,-0.144087248165594,0.16465366148658772
256,1.0666666666666667,4369.066666666667,34952.53333333333,753.6640000000001,1004.8853333333334,256,2,32,0.49524456521739135,0.718155570652174,1.4501028806584362,-0.30518028168350536,-0.14378146640215886,0.16139881528134653
256,1.0833333333333333,4437.333333333333,35498.666666666664,765.44,1020.5866666666666,256,2,32,0.4991638795986623,0.7186454849498329,1.4396984924623115,-0.30175684852302287,-0.14348529862932072,0.15827154989370212
256,1.1,4505.6,36044.8,777.2160000000001,1036.2880000000002,256,2,32,0.5029644268774703,0.7191205533596837,1.4297642436149312,-0.2984627301670216,-0.14319829839293197,0.1552644317740896
256,1.1166666666666667,4573.866666666667,36590.933333333334,788.9920000000001,1051.9893333333334,256,2,32,0.5066515249837767,0.7195814406229721,1.420268972142171,-0.2952906458161831,-0.14292004646458278,0.1523705993516003
256,1.1333333333333333,4642.133333333333,37137.066666666666,800.768,1067.6906666666666,256,2,32,0.5102301790281331,0.7200287723785167,1.4111842105263157,-0.2922338573730997,-0.1426501487971292,0.14958370857597048
256,1.15,4710.4,37683.2,812.544,1083.392,256,2,32,0.5137051039697542,0.7204631379962192,1.4024839006439742,-0.2892861192768536,-0.1423882346617487,0.14689788461510495
256,1.1666666666666667,4778.666666666667,38229.333333333336,824.3200000000002,1099.0933333333335,256,2,32,0.517080745341615,0.7208850931677019,1.394144144144144,-0.2864416338534922,-0.14213395494799405,0.14430767890549812
256,1.1833333333333333,4846.933333333333,38775.46666666667,836.0960000000001,1114.7946666666667,256,2,32,0.5203612982241275,0.721295162278016,1.3861429832303618,-0.2836950114815708,-0.14188698061044447,0.1418080308711263
256,1.2,4915.2,39321.6,847.8720000000001,1130.496,256,2,32,0.5235507246376812,0.7216938405797102,1.3784602076124568,-0.28104123497265104,-0.14164700124740978,0.13939423372524123
256,1.2166666666666666,4983.466666666666,39867.73333333333,859.648,1146.1973333333333,256,2,32,0.5266527695056582,0.7220815961882073,1.3710771840542832,-0.27847562765125955,-0.14141372379877382,0.13706190385248573
256,1.2333333333333334,5051.733333333334,40413.86666666667,871.4240000000001,1161.8986666666667,256,2,32,0.5296709753231493,0.7224588719153937,1.3639767054908485,-0.2759938246901482,-0.14118687135148497,0.1348069533386633
256,1.25,5120.0,40960.0,883.2,1177.6000000000001,256,2,32,0.5326086956521738,0.7228260869565217,1.3571428571428574,-0.27359174731704167,-0.14096618204245068,0.13262556527459105
256,1.2666666666666666,5188.266666666666,41506.13333333333,894.976,1193.3013333333333,256,2,32,0.5354691075514875,0.723183638443936,1.3505608974358974,-0.2712655795602789,-0.14075140804969344,0.1305141715105855
256,1.2833333333333332,5256.533333333333,42052.26666666666,906.752,1209.0026666666665,256,2,32,0.5382552230378318,0.723531902879729,1.3442171518489379,-0.26901174724436644,-0.14054231466359307,0.12846943258077345
256,1.3,5324.8,42598.4,918.5280000000001,1224.7040000000002,256,2,32,0.5409698996655519,0.723871237458194,1.3380989180834622,-0.2668268989836916,-0.14033867943089356,0.12648821955279804
256,1.3166666666666667,5393.066666666667,43144.53333333333,930.3040000000001,1240.4053333333334,256,2,32,0.5436158503026968,0.7242019812878372,1.3321943811693244,-0.26470788895455044,-0.14014029136490921,0.12456759758964123
256,1.3333333333333333,5461.333333333333,43690.666666666664,942.08,1256.1066666666666,256,2,32,0.5461956521739131,0.7245244565217392,1.3264925373134329,-0.26265176125302875,-0.13994695021603243,0.12270481103699629
256,1.35,5529.6,44236.8,953.8560000000001,1271.8080000000002,256,2,32,0.5487117552334944,0.7248389694041868,1.3209831254585473,-0.26065573566986905,-0.13975846579723844,0.1208972698726306
256,1.3666666666666667,5597.866666666667,44782.933333333334,965.6320000000001,1287.5093333333334,256,2,32,0.5511664899257689,0.7251458112407211,1.3156565656565655,-0.25871719473382154,-0.13957465735980942,0.11914253737401212
256,1.3833333333333333,5666.133333333333,45329.066666666666,977.408,1303.2106666666666,256,2,32,0.5535620743844946,0.7254452592980618,1.3105039034776436,-0.25683367189261025,-0.1393953530149692,0.11743831887764107
256,1.4,5734.4,45875.2,989.184,1318.912,256,2,32,0.5559006211180124,0.7257375776397516,1.3055167597765363,-0.2550028407159377,-0.13922038919753607,0.11578245151840164
256,1.4166666666666667,5802.666666666667,46421.333333333336,1000.9600000000002,1334.6133333333335,256,2,32,0.5581841432225064,0.7260230179028133,1.3006872852233677,-0.25322250501825944,-0.13904961016807518,0.11417289485018428
256,1.4333333333333333,5870.933333333333,46967.46666666667,1012.7360000000001,1350.3146666666667,256,2,32,0.5604145601617797,0.7263018200202225,1.2960081190798374,-0.25149058981065353,-0.13888286755036403,0.11260772226028952
256,1.45,5939.2,47513.6,1024.512,1366.016,256,2,32,0.5625937031484257,0.7265742128935532,1.2914723517654898,-0.24980513300124102,-0.13872001990128258,0.11108511309995847
256,1.4666666666666666,6007.466666666666,48059.73333333333,1036.288,1381.7173333333333,256,2,32,0.5647233201581028,0.7268404150197629,1.2870734908136483,-0.24816427777247974,-0.1385609323105067,0.10960334546197303
256,1.4833333333333334,6075.733333333334,48605.86666666667,1048.064,1397.4186666666667,256,2,32,0.5668050806057646,0.7271006350757206,1.2828054298642533,-0.24656626557143801,-0.13840547602762335,0.10816078954381465
256,1.5,6144.0,49152.0,1059.8400000000001,1413.1200000000001,256,2,32,0.568840579710145,0.7273550724637682,1.2786624203821655,-0.24500942965598388,-0.13825352811449912,0.10675590154148477
256,1.5166666666666666,6212.266666666666,49698.13333333333,1071.616,1428.8213333333333,256,2,32,0.570831342570473,0.7276039178213092,1.2746390458254866,-0.24349218914585494,-0.13810497112093065,0.10538721802492428
256,1.5333333333333332,6280.533333333333,50244.26666666666,1083.392,1444.5226666666665,256,2,32,0.5727788279773158,0.7278473534971646,1.2707301980198018,-0.24201304353288064,-0.1379596927817768,0.10405335075110382
256,1.55,6348.8,50790.4,1095.1680000000001,1460.2240000000002,256,2,32,0.5746844319775596,0.728085553997195,1.2669310555216597,-0.24057056760932888,-0.13781758573393096,0.10275298187539796
256,1.5666666666666667,6417.066666666667,51336.53333333333,1106.9440000000002,1475.9253333333334,256,2,32,0.576549491211841,0.7283186864014802,1.2632370637785801,-0.23916340677749925,-0.13767854725163295,0.10148485952586632
256,1.5833333333333333,6485.333333333333,51882.666666666664,1118.72,1491.6266666666666,256,2,32,0.57837528604119,0.7285469107551488,1.2596439169139464,-0.23779027270738307,-0.1375424789987503,0.10024779370863278
256,1.6,6553.6,52428.8,1130.496,1507.3280000000002,256,2,32,0.5801630434782609,0.7287703804347826,1.2561475409836065,-0.23644993931247502,-0.13740928679677056,0.09904065251570439
256,1.6166666666666667,6621.866666666667,52974.933333333334,1142.2720000000002,1523.0293333333334,256,2,32,0.5819139399372479,0.728989242492156,1.252744078567302,-0.23514123901674375,-0.13727888040735695,0.09786235860938683
256,1.6333333333333333,6690.133333333333,53521.066666666666,1154.048,1538.7306666666666,256,2,32,0.5836291038154392,0.7292036379769299,1.249429874572406,-0.23386305928836598,-0.1371511733284097,0.0967118859599563
256,1.65,6758.4,54067.2,1165.824,1554.432,256,2,32,0.5853096179183136,0.7294137022397892,1.2462014631401237,-0.2326143394181412,-0.13702608260266522,0.09558825681547597
256,1.6666666666666667,6826.666666666667,54613.333333333336,1177.6000000000001,1570.1333333333334,256,2,32,0.5869565217391305,0.7296195652173914,1.2430555555555556,-0.2313940675225867,-0.13690352863794322,0.09449053888464351
256,1.6833333333333333,6894.933333333333,55159.46666666667,1189.3760000000002,1585.8346666666669,256,2,32,0.5885708136030995,0.7298213517003874,1.2399890290729565,-0.23020127775355906,-0.13678343503822235,0.0934178427153367
256,1.7,6963.2,55705.6,1201.152,1601.536,256,2,32,0.590153452685422,0.7300191815856778,1.2369989165763815,-0.2290350476979172,-0.13666572844479094,0.0923693192531262
256,1.7166666666666666,7031.466666666666,56251.73333333333,1212.928,1617.2373333333333,256,2,32,0.5917053609117772,0.7302131701139722,1.2340823970037453,-0.22789449595223293,-0.1365503383867795,0.09134415756545344
256,1.7333333333333334,7099.733333333334,56797.86666666667,1224.7040000000002,1632.938666666667,256,2,32,0.5932274247491639,0.7304034280936454,1.2312367864693445,-0.22677877985889922,-0.13643719714043345,0.09034158271846578
256,1.75,7168.0,57344.0,1236.48,1648.64,256,2,32,0.5947204968944099,0.7305900621118012,1.2284595300261099,-0.2256870933911894,-0.13632623959653642,0.08936085379465304
256,1.7666666666666666,7236.266666666666,57890.13333333333,1248.256,1664.3413333333333,256,2,32,0.5961853978671042,0.7307731747333881,1.225748194014448,-0.2246186651759165,-0.13621740313543873,0.08840126204047775
256,1.7833333333333332,7304.533333333333,58436.26666666666,1260.032,1680.0426666666667,256,2,32,0.597622917513206,0.7309528646891507,1.2231004589495156,-0.22357275664331847,-0.13611062750918657,0.0874621291341319
256,1.8,7372.8,58982.4,1271.8080000000002,1695.7440000000001,256,2,32,0.5990338164251209,0.7311292270531402,1.2205141129032258,-0.22254866029468262,-0.1360058547302843,0.08654280556439829
256,1.8166666666666667,7441.066666666667,59528.53333333333,1283.584,1711.4453333333333,256,2,32,0.600418827283606,0.7313023534104508,1.2179870453413055,-0.22154569807903085,-0.13590302896666204,0.08564266911236888
256,1.8333333333333333,7509.333333333333,60074.666666666664,1295.3600000000001,1727.1466666666668,256,2,32,0.6017786561264823,0.7314723320158103,1.2155172413793103,-0.22056321987090488,-0.1358020964424435,0.0847611234284614
256,1.8499999999999999,7577.599999999999,60620.799999999996,1307.136,1742.848,256,2,32,0.6031139835487661,0.7316392479435958,1.2131027764247444,-0.21960060204195841,-0.13570300534414803,0.08389759669781036
256,1.8666666666666667,7645.866666666667,61166.933333333334,1318.912,1758.5493333333334,256,2,32,0.6044254658385093,0.7318031832298136,1.2107418111753372,-0.21865724611965418,-0.13560570573198039,0.08305154038767382
256,1.8833333333333333,7714.133333333333,61713.066666666666,1330.688,1774.2506666666668,256,2,32,0.6057137360523278,0.731964217006541,1.208432586946165,-0.2177325775269121,-0.13551014945588954,0.08222242807102259
256,1.9,7782.4,62259.2,1342.464,1789.952,256,2,32,0.6069794050343249,0.7321224256292906,1.2061734213006599,-0.2168260443970436,-0.13541629007610118,0.0814097543209424
256,1.9166666666666667,7850.666666666667,62805.333333333336,1354.2400000000002,1805.6533333333334,256,2,32,0.6082230623818526,0.7322778827977316,1.2039627039627039,-0.21593711645876137,-0.13532408278784627,0.0806130336709151
256,1.9333333333333333,7918.933333333333,63351.46666666667,1366.016,1821.3546666666668,256,2,32,0.6094452773613194,0.7324306596701649,1.2017988929889296,-0.21506528398646196,-0.13523348435003146,0.07983179963643046
256,1.95,7987.2,63897.6,1377.7920000000001,1837.056,256,2,32,0.6106465997770346,0.7325808249721294,1.1996805111821087,-0.2142100568113491,-0.1351444530176104,0.07906560379373874
256,1.9666666666666666,8055.466666666666,64443.73333333333,1389.568,1852.7573333333332,256,2,32,0.6118275607958733,0.7327284450994842,1.197606142728094,-0.21337096338931416,-0.1350569484774367,0.07831401491187749
256,1.9833333333333334,8123.733333333334,64989.86666666667,1401.344,1868.4586666666669,256,2,32,0.6129886737303617,0.7328735842162951,1.1955744300402322,-0.21254754992179392,-0.1349709317873878,0.07757661813440607
256,2.0,8192.0,65536.0,1413.1200000000001,1884.16,256,2,32,0.6141304347826088,0.7330163043478262,1.1935840707964602,-0.21173937952611668,-0.13488636531856932,0.07685301420754738
